Company Name,Raw Card Text,Company Rating,Reviews,Industry,Location
TCS,"TCS | Follow | 3.2 | (1.2L) | IT Services & Consulting | Bengaluru +481 other locations | Critically Rated For | Promotions, Salary, Work Satisfaction | To view salary insights | Select designation | 1.2L | Reviews | 10.4L | Salaries | 11.4k | Interviews | 4.5k | Jobs | 11.1k | Benefits | 100 | Photos",3.2,1040000.0,IT Services & Consulting,Bengaluru +481 other locations
Accenture,"Accenture | Follow | 3.7 | (77.6k) | IT Services & Consulting | Bengaluru +283 other locations | Critically Rated For | Promotions, Salary, Work Satisfaction | To view salary insights | Select designation | 77.6k | Reviews | 7.3L | Salaries | 9.6k | Interviews | 14.5k | Jobs | 7k | Benefits | 49 | Photos",3.7,730000.0,IT Services & Consulting,Bengaluru +283 other locations
Wipro,"Wipro | Follow | 3.6 | (68.3k) | IT Services & Consulting | Hyderabad +394 other locations | Critically Rated For | Promotions, Salary, Work Satisfaction | To view salary insights | Select designation | 68.3k | Reviews | 4.9L | Salaries | 7k | Interviews | 7 | Jobs | 5k | Benefits | 123 | Photos",3.6,490000.00000000006,IT Services & Consulting,Hyderabad +394 other locations
Cognizant,"Cognizant | Follow | 3.7 | (64.4k) | IT Services & Consulting | Hyderabad +255 other locations | Critically Rated For | Promotions, Salary, Work Satisfaction | To view salary insights | Select designation | 64.4k | Reviews | 6.1L | Salaries | 6.6k | Interviews | 718 | Jobs | 5.7k | Benefits | 105 | Photos",3.7,610000.0,IT Services & Consulting,Hyderabad +255 other locations
Capgemini,"Capgemini | Follow | 3.6 | (56.6k) | IT Services & Consulting | Bengaluru +209 other locations | Highly Rated For | Work Life Balance, Job Security | Critically Rated For | Promotions, Salary, Work Satisfaction | To view salary insights | Select designation | 56.6k | Reviews | 5L | Salaries | 5.7k | Interviews | 2k | Jobs | 3.9k | Benefits | 54 | Photos",3.6,500000.0,IT Services & Consulting,Bengaluru +209 other locations
HDFC Bank,"HDFC Bank | Follow | 3.8 | (55.7k) | Banking | Mumbai +1916 other locations | Highly Rated For | Job Security | Critically Rated For | Promotions, Salary | To view salary insights | Select designation | 55.7k | Reviews | 1.5L | Salaries | 3.3k | Interviews | 298 | Jobs | 3.5k | Benefits | 110 | Photos",3.8,150000.0,Banking,Mumbai +1916 other locations
Infosys,"Infosys | Follow | 3.5 | (51.4k) | IT Services & Consulting | Bengaluru +263 other locations | Highly Rated For | Job Security | Critically Rated For | Promotions, Salary, Work Satisfaction | To view salary insights | Select designation | 51.4k | Reviews | 5.3L | Salaries | 8.6k | Interviews | 4k | Jobs | 5k | Benefits | 120 | Photos",3.5,530000.0,IT Services & Consulting,Bengaluru +263 other locations
HCLTech,"HCLTech | Follow | 3.4 | (48.5k) | IT Services & Consulting | Bengaluru +252 other locations | Critically Rated For | Promotions, Salary, Work Satisfaction | To view salary insights | Select designation | 48.5k | Reviews | 4L | Salaries | 4.7k | Interviews | 344 | Jobs | 4k | Benefits | 74 | Photos",3.4,400000.0,IT Services & Consulting,Bengaluru +252 other locations
ICICI Bank,"ICICI Bank | Follow | 4.0 | (47.7k) | Banking | Mumbai +1480 other locations | AmbitionBox Award Winner'26 | Highly Rated For | Job Security, Promotions, Skill Development | To view salary insights | Select designation | 47.7k | Reviews | 1.6L | Salaries | 3.1k | Interviews | 25 | Jobs | 3.8k | Benefits | 74 | Photos",4.0,160000.0,Banking,Mumbai +1480 other locations
Tech Mahindra,"Tech Mahindra | Follow | 3.3 | (45.6k) | IT Services & Consulting | Hyderabad +340 other locations | Critically Rated For | Promotions, Salary, Work Satisfaction | To view salary insights | Select designation | 45.6k | Reviews | 2.8L | Salaries | 4.7k | Interviews | 732 | Jobs | 3.5k | Benefits | 89 | Photos",3.3,280000.0,IT Services & Consulting,Hyderabad +340 other locations
Genpact,"Genpact | Follow | 3.6 | (44.9k) | Analytics & KPO | Hyderabad +191 other locations | Highly Rated For | Job Security | Critically Rated For | Promotions, Salary, Work Satisfaction | To view salary insights | Select designation | 44.9k | Reviews | 2.4L | Salaries | 4.1k | Interviews | 546 | Jobs | 3.7k | Benefits | 78 | Photos",3.6,240000.0,Analytics & KPO,Hyderabad +191 other locations
TP,"TP | Follow | 3.8 | (40.9k) | BPO | Mumbai +270 other locations | Highly Rated For | Work Life Balance, Job Security | To view salary insights | Select designation | 40.9k | Reviews | 1L | Salaries | 2.3k | Interviews | 1.5k | Jobs | 2k | Benefits | 41 | Photos",3.8,100000.0,BPO,Mumbai +270 other locations
Axis Bank,"Axis Bank | Follow | 3.6 | (35.2k) | Banking | Mumbai +1571 other locations | Critically Rated For | Promotions, Work Satisfaction, Company Culture | To view salary insights | Select designation | 35.2k | Reviews | 1L | Salaries | 2.1k | Interviews | 212 | Jobs | 2.3k | Benefits | 140 | Photos",3.6,100000.0,Banking,Mumbai +1571 other locations
Jio,"Jio | Follow | 4.4 | (34.7k) | Telecom | Mumbai +1982 other locations | AmbitionBox Award Winner'26 | Highly Rated For | Job Security, Company Culture, Work Life Balance | To view salary insights | Select designation | 34.7k | Reviews | 61.2k | Salaries | 4.6k | Interviews | -- | Jobs | 2.6k | Benefits | 97 | Photos",4.4,61.2,Telecom,Mumbai +1982 other locations
Concentrix Corporation,"Concentrix Corporation | Follow | 3.5 | (34k) | BPO | Bengaluru +195 other locations | Highly Rated For | Job Security | Critically Rated For | Promotions, Salary, Work Satisfaction | To view salary insights | Select designation | 34k | Reviews | 1.3L | Salaries | 2.1k | Interviews | 60 | Jobs | 3.3k | Benefits | 75 | Photos",3.5,130000.0,BPO,Bengaluru +195 other locations
Amazon,"Amazon | Follow | 3.9 | (33.4k) | Internet | Bengaluru +553 other locations | Highly Rated For | Company Culture, Work Life Balance, Salary | Critically Rated For | Promotions, Job Security | To view salary insights | Select designation | 33.4k | Reviews | 1.6L | Salaries | 6.2k | Interviews | 83 | Jobs | 3.5k | Benefits | 106 | Photos",3.9,160000.0,Internet,Bengaluru +553 other locations
Reliance Retail,"Reliance Retail | Follow | 3.9 | (28.5k) | Retail | Mumbai +1192 other locations | AmbitionBox Award Winner'26 | Highly Rated For | Job Security, Work Life Balance, Skill Development | Critically Rated For | Promotions | To view salary insights | Select designation | 28.5k | Reviews | 75.1k | Salaries | 2k | Interviews | 73 | Jobs | 1.9k | Benefits | 154 | Photos",3.9,75.1,Retail,Mumbai +1192 other locations
iEnergizer,"iEnergizer | Follow | 4.5 | (28.2k) | BPO | Noida +56 other locations | Highly Rated For | Company Culture, Work Life Balance, Job Security | To view salary insights | Select designation | 28.2k | Reviews | 25.5k | Salaries | 1.7k | Interviews | 75 | Jobs | 976 | Benefits | 30 | Photos",4.5,25.5,BPO,Noida +56 other locations
LTM Limited,"LTM Limited | Follow | 3.6 | (27.9k) | IT Services & Consulting | Bengaluru +158 other locations | Critically Rated For | Promotions, Salary, Work Satisfaction | To view salary insights | Select designation | 27.9k | Reviews | 2.1L | Salaries | 3.5k | Interviews | 556 | Jobs | 922 | Benefits | 34 | Photos",3.6,210000.0,IT Services & Consulting,Bengaluru +158 other locations
IBM,"IBM | Follow | 3.9 | (27k) | IT Services & Consulting | Bengaluru +175 other locations | AmbitionBox Award Winner'26 | Highly Rated For | Work Life Balance, Company Culture, Job Security | Critically Rated For | Promotions, Salary | To view salary insights | Select designation | 27k | Reviews | 2.2L | Salaries | 2.7k | Interviews | 445 | Jobs | 2.7k | Benefits | 23 | Photos",3.9,220000.00000000003,IT Services & Consulting,Bengaluru +175 other locations
HDB Financial Services,"HDB Financial Services | Follow | 3.9 | (27k) | NBFC | Mumbai +1125 other locations | AmbitionBox Award Winner'26 | Critically Rated For | Promotions, Salary | To view salary insights | Select designation | 27k | Reviews | 48.8k | Salaries | 1.2k | Interviews | 9 | Jobs | 1.4k | Benefits | 84 | Photos",3.9,48.8,NBFC,Mumbai +1125 other locations
Larsen & Toubro Limited,"Larsen & Toubro Limited | Follow | 3.9 | (25.3k) | Engineering & Construction | Mumbai +812 other locations | AmbitionBox Award Winner'26 | Highly Rated For | Job Security, Skill Development, Salary | Critically Rated For | Promotions | To view salary insights | Select designation | 25.3k | Reviews | 77.2k | Salaries | 2k | Interviews | 275 | Jobs | 2.7k | Benefits | 74 | Photos",3.9,77.2,Engineering & Construction,Mumbai +812 other locations
Deloitte,"Deloitte | Follow | 3.6 | (25k) | Management Consulting | Hyderabad +212 other locations | Critically Rated For | Promotions, Work Life Balance, Work Satisfaction | To view salary insights | Select designation | 25k | Reviews | 2.9L | Salaries | 3.5k | Interviews | 461 | Jobs | 2.5k | Benefits | 19 | Photos",3.6,290000.0,Management Consulting,Hyderabad +212 other locations
Kotak Mahindra Bank,"Kotak Mahindra Bank | Follow | 3.6 | (23.7k) | Banking | Mumbai +712 other locations | Critically Rated For | Promotions, Work Satisfaction, Company Culture | To view salary insights | Select designation | 23.7k | Reviews | 88.3k | Salaries | 1.5k | Interviews | 148 | Jobs | 1.4k | Benefits | 46 | Photos",3.6,88.3,Banking,Mumbai +712 other locations
Reliance Industries,"Reliance Industries | Follow | 4.0 | (21.3k) | Oil & Gas | Jamnagar +842 other locations | AmbitionBox Award Winner'26 | Highly Rated For | Job Security, Work Life Balance, Skill Development | Critically Rated For | Promotions | To view salary insights | Select designation | 21.3k | Reviews | 75.8k | Salaries | 1.7k | Interviews | 99 | Jobs | 1.9k | Benefits | 41 | Photos",4.0,75.8,Oil & Gas,Jamnagar +842 other locations
Vodafone Idea,"Vodafone Idea | Follow | 3.9 | (18.2k) | Telecom | Pune +724 other locations | Highly Rated For | Salary, Company Culture, Work Life Balance | Critically Rated For | Promotions | To view salary insights | Select designation | 18.2k | Reviews | 48.6k | Salaries | 724 | Interviews | 56 | Jobs | 2k | Benefits | 23 | Photos",3.9,48.6,Telecom,Pune +724 other locations
Bharti Airtel,Bharti Airtel | Follow | 3.8 | (17.9k) | Telecom | Gurugram +817 other locations | Critically Rated For | Promotions | To view salary insights | Select designation | 17.9k | Reviews | 50.4k | Salaries | 1.2k | Interviews | 181 | Jobs | 1.6k | Benefits | 105 | Photos,3.8,50.4,Telecom,Gurugram +817 other locations
BYJU'S,"BYJU'S | Follow | 3.2 | (16.4k) | EdTech | Bengaluru +324 other locations | Critically Rated For | Job Security, Company Culture, Work Life Balance | To view salary insights | Select designation | 16.4k | Reviews | 49.2k | Salaries | 2.1k | Interviews | 5 | Jobs | 1.7k | Benefits | 28 | Photos",3.2,49.2,EdTech,Bengaluru +324 other locations
WNS,"WNS | Follow | 3.3 | (16.1k) | IT Services & Consulting | Pune +71 other locations | Critically Rated For | Promotions, Salary, Skill Development | To view salary insights | Select designation | 16.1k | Reviews | 70.8k | Salaries | 1.3k | Interviews | 61 | Jobs | 1.4k | Benefits | 24 | Photos",3.3,70.8,IT Services & Consulting,Pune +71 other locations
IDFC FIRST Bank,"IDFC FIRST Bank | Follow | 4.0 | (16k) | Banking | Mumbai +758 other locations | AmbitionBox Award Winner'26 | Highly Rated For | Salary, Company Culture, Work Life Balance | To view salary insights | Select designation | 16k | Reviews | 51.6k | Salaries | 1.1k | Interviews | 124 | Jobs | 838 | Benefits | 30 | Photos",4.0,51.6,Banking,Mumbai +758 other locations
Ernst & Young,"Ernst & Young | Follow | 3.4 | (15.6k) | Management Consulting | Bengaluru +147 other locations | Critically Rated For | Promotions, Work Life Balance, Work Satisfaction | To view salary insights | Select designation | 15.6k | Reviews | 1.5L | Salaries | 1.4k | Interviews | 3.7k | Jobs | 1.1k | Benefits | 10 | Photos",3.4,150000.0,Management Consulting,Bengaluru +147 other locations
IndusInd Bank,"IndusInd Bank | Follow | 3.4 | (15.1k) | Banking | Mumbai +821 other locations | Critically Rated For | Promotions, Company Culture, Work Satisfaction | To view salary insights | Select designation | 15.1k | Reviews | 52.5k | Salaries | 802 | Interviews | 133 | Jobs | 841 | Benefits | 17 | Photos",3.4,52.5,Banking,Mumbai +821 other locations
AU Small Finance Bank,AU Small Finance Bank | Follow | 3.8 | (15k) | Banking | Jaipur +830 other locations | To view salary insights | Select designation | 15k | Reviews | 30.5k | Salaries | 742 | Interviews | 3.2k | Jobs | 637 | Benefits | 28 | Photos,3.8,30.5,Banking,Jaipur +830 other locations
Tata Motors,"Tata Motors | Follow | 4.1 | (14.8k) | Automobile | Pune +522 other locations | AmbitionBox Award Winner'26 | Highly Rated For | Job Security, Company Culture, Work Life Balance | Critically Rated For | Promotions | To view salary insights | Select designation | 14.8k | Reviews | 44.2k | Salaries | 1.4k | Interviews | 39 | Jobs | 1.7k | Benefits | 59 | Photos",4.1,44.2,Automobile,Pune +522 other locations
Bajaj Finserv,"Bajaj Finserv | Follow | 3.9 | (14.2k) | NBFC | Pune +1256 other locations | AmbitionBox Award Winner'26 | Highly Rated For | Salary, Skill Development, Job Security | To view salary insights | Select designation | 14.2k | Reviews | 32.6k | Salaries | 842 | Interviews | 5 | Jobs | 763 | Benefits | 24 | Photos",3.9,32.6,NBFC,Pune +1256 other locations
Flipkart,"Flipkart | Follow | 3.9 | (13.8k) | Internet | Bengaluru +577 other locations | AmbitionBox Award Winner'26 | Highly Rated For | Company Culture, Skill Development, Salary | Critically Rated For | Promotions | To view salary insights | Select designation | 13.8k | Reviews | 57.6k | Salaries | 1.8k | Interviews | 82 | Jobs | 1.4k | Benefits | 116 | Photos",3.9,57.6,Internet,Bengaluru +577 other locations
PwC,"PwC | Follow | 3.3 | (13.6k) | Management Consulting | Bengaluru +152 other locations | Critically Rated For | Promotions, Work Life Balance, Work Satisfaction | To view salary insights | Select designation | 13.6k | Reviews | 1.3L | Salaries | 1.6k | Interviews | 1.5k | Jobs | 907 | Benefits | 24 | Photos",3.3,130000.0,Management Consulting,Bengaluru +152 other locations
Muthoot FinCorp,"Muthoot FinCorp | Follow | 4.5 | (13.6k) | NBFC | Bengaluru +1139 other locations | Highly Rated For | Company Culture, Work Life Balance, Job Security | To view salary insights | Select designation | 13.6k | Reviews | 9.9k | Salaries | 2.4k | Interviews | 56 | Jobs | 334 | Benefits | 106 | Photos",4.5,9.9,NBFC,Bengaluru +1139 other locations
Mahindra & Mahindra,"Mahindra & Mahindra | Follow | 4.0 | (12.8k) | Automobile | Pune +583 other locations | AmbitionBox Award Winner'26 | Highly Rated For | Job Security, Skill Development, Company Culture | Critically Rated For | Promotions | To view salary insights | Select designation | 12.8k | Reviews | 41.8k | Salaries | 923 | Interviews | 2 | Jobs | 1.2k | Benefits | 22 | Photos",4.0,41.8,Automobile,Pune +583 other locations
HDFC Life,HDFC Life | Follow | 3.8 | (12.8k) | Insurance | Mumbai +740 other locations | Highly Rated For | Skill Development | Critically Rated For | Promotions | To view salary insights | Select designation | 12.8k | Reviews | 34.2k | Salaries | 854 | Interviews | 218 | Jobs | 670 | Benefits | 60 | Photos,3.8,34.2,Insurance,Mumbai +740 other locations
Infosys BPM,"Infosys BPM | Follow | 3.5 | (12.7k) | BPO | Bengaluru +99 other locations | Highly Rated For | Job Security | Critically Rated For | Promotions, Salary, Work Satisfaction | To view salary insights | Select designation | 12.7k | Reviews | 79.5k | Salaries | 1.1k | Interviews | 171 | Jobs | 1.2k | Benefits | 15 | Photos",3.5,79.5,BPO,Bengaluru +99 other locations
DXC Technology,"DXC Technology | Follow | 3.6 | (12.5k) | IT Services & Consulting | Bengaluru +134 other locations | Highly Rated For | Work Life Balance | Critically Rated For | Promotions, Salary, Work Satisfaction | To view salary insights | Select designation | 12.5k | Reviews | 73.8k | Salaries | 917 | Interviews | 96 | Jobs | 1.2k | Benefits | 9 | Photos",3.6,73.8,IT Services & Consulting,Bengaluru +134 other locations
Bandhan Bank,"Bandhan Bank | Follow | 3.6 | (12.1k) | Banking | Kolkata +1063 other locations | Critically Rated For | Promotions, Work Satisfaction, Company Culture | To view salary insights | Select designation | 12.1k | Reviews | 27.9k | Salaries | 801 | Interviews | -- | Jobs | 597 | Benefits | 53 | Photos",3.6,27.9,Banking,Kolkata +1063 other locations
Yes Bank,"Yes Bank | Follow | 3.6 | (10.8k) | Banking | Mumbai +549 other locations | Critically Rated For | Job Security, Promotions, Company Culture | To view salary insights | Select designation | 10.8k | Reviews | 43.1k | Salaries | 588 | Interviews | 156 | Jobs | 649 | Benefits | 19 | Photos",3.6,43.1,Banking,Mumbai +549 other locations
Digitide Solutions,"Digitide Solutions | Follow | 3.4 | (10.9k) | IT Services & Consulting | Hyderabad +282 other locations | Critically Rated For | Promotions, Salary, Work Satisfaction | To view salary insights | Select designation | 10.9k | Reviews | 27.4k | Salaries | 604 | Interviews | 335 | Jobs | 797 | Benefits | 49 | Photos",3.4,27.4,IT Services & Consulting,Hyderabad +282 other locations
Mphasis,"Mphasis | Follow | 3.3 | (10.7k) | IT Services & Consulting | Bengaluru +69 other locations | Critically Rated For | Promotions, Salary, Work Satisfaction | To view salary insights | Select designation | 10.7k | Reviews | 75.4k | Salaries | 963 | Interviews | 57 | Jobs | 883 | Benefits | 148 | Photos",3.3,75.4,IT Services & Consulting,Bengaluru +69 other locations
Tata Steel,"Tata Steel | Follow | 4.0 | (10.5k) | Iron & Steel | Jamshedpur +236 other locations | AmbitionBox Award Winner'26 | Highly Rated For | Work Life Balance, Job Security, Company Culture | Critically Rated For | Promotions | To view salary insights | Select designation | 10.5k | Reviews | 34.9k | Salaries | 1.1k | Interviews | -- | Jobs | 701 | Benefits | 53 | Photos",4.0,34.9,Iron & Steel,Jamshedpur +236 other locations
Quess,"Quess | Follow | 3.8 | (10.3k) | Recruitment | Bengaluru +783 other locations | Critically Rated For | Promotions, Job Security | To view salary insights | Select designation | 10.3k | Reviews | 32.1k | Salaries | 562 | Interviews | 8 | Jobs | 473 | Benefits | 26 | Photos",3.8,32.1,Recruitment,Bengaluru +783 other locations
UltraTech Cement,"UltraTech Cement | Follow | 4.1 | (10.2k) | Building Material | Mumbai +561 other locations | AmbitionBox Award Winner'26 | Highly Rated For | Job Security, Skill Development, Company Culture | Critically Rated For | Promotions | To view salary insights | Select designation | 10.2k | Reviews | 25.3k | Salaries | 865 | Interviews | 100 | Jobs | 686 | Benefits | 51 | Photos",4.1,25.3,Building Material,Mumbai +561 other locations
Asian Paints,"Asian Paints | Follow | 3.9 | (10.2k) | Chemicals | Mumbai +575 other locations | Highly Rated For | Salary, Skill Development, Job Security | Critically Rated For | Promotions | To view salary insights | Select designation | 10.2k | Reviews | 26.9k | Salaries | 921 | Interviews | 94 | Jobs | 950 | Benefits | 37 | Photos",3.9,26.9,Chemicals,Mumbai +575 other locations
Maruti Suzuki,"Maruti Suzuki | Follow | 4.1 | (10k) | Automobile | Gurugram +473 other locations | AmbitionBox Award Winner'26 | Highly Rated For | Job Security, Salary, Company Culture | To view salary insights | Select designation | 10k | Reviews | 29.7k | Salaries | 846 | Interviews | 693 | Jobs | 1k | Benefits | 32 | Photos",4.1,29.7,Automobile,Gurugram +473 other locations
Startek,"Startek | Follow | 3.0 | (10.1k) | BPO | Bengaluru +109 other locations | Critically Rated For | Promotions, Company Culture, Work Satisfaction | To view salary insights | Select designation | 10.1k | Reviews | 25.1k | Salaries | 694 | Interviews | 277 | Jobs | 723 | Benefits | 16 | Photos",3.0,25.1,BPO,Bengaluru +109 other locations
Bajaj Finance,"Bajaj Finance | Follow | 3.9 | (9.9k) | NBFC | Pune +1043 other locations | Highly Rated For | Salary, Skill Development, Job Security | To view salary insights | Select designation | 9.9k | Reviews | 24k | Salaries | 474 | Interviews | 8k | Jobs | 548 | Benefits | 20 | Photos",3.9,24.0,NBFC,Pune +1043 other locations
Paytm,"Paytm | Follow | 3.2 | (9.8k) | FinTech | Noida +445 other locations | Critically Rated For | Job Security, Company Culture, Promotions | To view salary insights | Select designation | 9.8k | Reviews | 35.1k | Salaries | 937 | Interviews | 1.1k | Jobs | 585 | Benefits | 26 | Photos",3.2,35.1,FinTech,Noida +445 other locations
Sutherland Global Services,"Sutherland Global Services | Follow | 3.3 | (9.7k) | BPO | Chennai +90 other locations | Critically Rated For | Promotions, Salary, Work Satisfaction | To view salary insights | Select designation | 9.7k | Reviews | 37.2k | Salaries | 846 | Interviews | 454 | Jobs | 953 | Benefits | 35 | Photos",3.3,37.2,BPO,Chennai +90 other locations
Shriram Finance,"Shriram Finance | Follow | 3.9 | (9.6k) | NBFC | Chennai +1150 other locations | AmbitionBox Award Winner'26 | Highly Rated For | Job Security, Work Life Balance | Critically Rated For | Promotions, Salary | To view salary insights | Select designation | 9.6k | Reviews | 16.1k | Salaries | 488 | Interviews | 5 | Jobs | 97 | Benefits | 54 | Photos",3.9,16.1,NBFC,Chennai +1150 other locations
Equitas Small Finance Bank,"Equitas Small Finance Bank | Follow | 4.3 | (9.4k) | Banking | Chennai +491 other locations | AmbitionBox Award Winner'26 | Highly Rated For | Company Culture, Work Life Balance, Job Security | To view salary insights | Select designation | 9.4k | Reviews | 14.2k | Salaries | 1k | Interviews | 67 | Jobs | 473 | Benefits | 44 | Photos",4.3,14.2,Banking,Chennai +491 other locations
Coforge,"Coforge | Follow | 3.3 | (9.5k) | IT Services & Consulting | Hyderabad +117 other locations | Critically Rated For | Promotions, Work Satisfaction, Job Security | To view salary insights | Select designation | 9.5k | Reviews | 69.4k | Salaries | 1k | Interviews | 333 | Jobs | 457 | Benefits | 106 | Photos",3.3,69.4,IT Services & Consulting,Hyderabad +117 other locations
Wells Fargo,"Wells Fargo | Follow | 3.5 | (9.3k) | Financial Services | Bengaluru +32 other locations | Critically Rated For | Promotions, Skill Development, Work Satisfaction | To view salary insights | Select designation | 9.3k | Reviews | 67.3k | Salaries | 722 | Interviews | 190 | Jobs | 918 | Benefits | 15 | Photos",3.5,67.3,Financial Services,Bengaluru +32 other locations
Cipla,"Cipla | Follow | 4.1 | (9.1k) | Pharma | Mumbai +304 other locations | AmbitionBox Award Winner'26 | Highly Rated For | Salary, Work Life Balance, Skill Development | To view salary insights | Select designation | 9.1k | Reviews | 26.9k | Salaries | 635 | Interviews | 39 | Jobs | 906 | Benefits | 24 | Photos",4.1,26.9,Pharma,Mumbai +304 other locations
EXL Service,"EXL Service | Follow | 3.6 | (9k) | Analytics & KPO | Noida +64 other locations | Highly Rated For | Job Security | Critically Rated For | Promotions, Salary, Skill Development | To view salary insights | Select designation | 9k | Reviews | 45.4k | Salaries | 955 | Interviews | 136 | Jobs | 839 | Benefits | 20 | Photos",3.6,45.4,Analytics & KPO,Noida +64 other locations
Ericsson,"Ericsson | Follow | 3.9 | (8.7k) | Telecom | Noida +170 other locations | Highly Rated For | Work Life Balance, Company Culture | Critically Rated For | Promotions, Salary | To view salary insights | Select designation | 8.7k | Reviews | 42.6k | Salaries | 485 | Interviews | 20 | Jobs | 1k | Benefits | 18 | Photos",3.9,42.6,Telecom,Noida +170 other locations
Samsung,"Samsung | Follow | 3.9 | (8.6k) | Consumer Electronics & Appliances | Noida +596 other locations | AmbitionBox Award Winner'26 | Highly Rated For | Work Life Balance, Salary | Critically Rated For | Promotions | To view salary insights | Select designation | 8.6k | Reviews | 26.7k | Salaries | 649 | Interviews | 59 | Jobs | 557 | Benefits | 17 | Photos",3.9,26.7,Consumer Electronics & Appliances,Noida +596 other locations
Dr. Reddy's,"Dr. Reddy's | Follow | 4.0 | (8.6k) | Pharma | Hyderabad +222 other locations | Highly Rated For | Company Culture, Skill Development, Salary | Critically Rated For | Promotions, Job Security | To view salary insights | Select designation | 8.6k | Reviews | 26.4k | Salaries | 552 | Interviews | 60 | Jobs | 775 | Benefits | 30 | Photos",4.0,26.4,Pharma,Hyderabad +222 other locations
JSW Steel,"JSW Steel | Follow | 3.9 | (8.5k) | Iron & Steel | Ballari +207 other locations | Highly Rated For | Job Security, Skill Development | Critically Rated For | Promotions | To view salary insights | Select designation | 8.5k | Reviews | 32.7k | Salaries | 901 | Interviews | 151 | Jobs | 659 | Benefits | 34 | Photos",3.9,32.7,Iron & Steel,Ballari +207 other locations
Optum Global Solutions,"Optum Global Solutions | Follow | 4.0 | (8.4k) | IT Services & Consulting | Hyderabad +71 other locations | AmbitionBox Award Winner'26 | Highly Rated For | Job Security, Work Life Balance, Company Culture | Critically Rated For | Promotions | To view salary insights | Select designation | 8.4k | Reviews | 53.3k | Salaries | 806 | Interviews | 348 | Jobs | 741 | Benefits | 9 | Photos",4.0,53.3,IT Services & Consulting,Hyderabad +71 other locations
Delhivery,Delhivery | Follow | 3.7 | (8.3k) | Logistics | Gurugram +795 other locations | Critically Rated For | Promotions | To view salary insights | Select designation | 8.3k | Reviews | 23.2k | Salaries | 651 | Interviews | 369 | Jobs | 665 | Benefits | 81 | Photos,3.7,23.2,Logistics,Gurugram +795 other locations
Hexaware Technologies,"Hexaware Technologies | Follow | 3.4 | (8.2k) | IT Services & Consulting | Chennai +73 other locations | Critically Rated For | Promotions, Salary, Work Satisfaction | To view salary insights | Select designation | 8.2k | Reviews | 57.1k | Salaries | 868 | Interviews | 1.6k | Jobs | 599 | Benefits | 30 | Photos",3.4,57.1,IT Services & Consulting,Chennai +73 other locations
JPMorgan Chase & Co.,JPMorgan Chase & Co. | Follow | 3.8 | (8.2k) | Financial Services | Bengaluru +67 other locations | Highly Rated For | Job Security | Critically Rated For | Promotions | To view salary insights | Select designation | 8.2k | Reviews | 94.1k | Salaries | 908 | Interviews | 350 | Jobs | 897 | Benefits | 14 | Photos,3.8,94.1,Financial Services,Bengaluru +67 other locations
ICICI Prudential Life Insurance,"ICICI Prudential Life Insurance | Follow | 3.9 | (8.2k) | Insurance | Mumbai +522 other locations | Highly Rated For | Job Security, Salary, Skill Development | To view salary insights | Select designation | 8.2k | Reviews | 23.1k | Salaries | 504 | Interviews | 18 | Jobs | 642 | Benefits | 16 | Photos",3.9,23.1,Insurance,Mumbai +522 other locations
Ujjivan Small Finance Bank,"Ujjivan Small Finance Bank | Follow | 4.0 | (8.1k) | Banking | Bengaluru +569 other locations | AmbitionBox Award Winner'26 | Highly Rated For | Company Culture, Work Life Balance, Skill Development | To view salary insights | Select designation | 8.1k | Reviews | 13.3k | Salaries | 349 | Interviews | 193 | Jobs | 603 | Benefits | 27 | Photos",4.0,13.3,Banking,Bengaluru +569 other locations
Jana Small Finance Bank,"Jana Small Finance Bank | Follow | 3.7 | (8.1k) | Banking | Bengaluru +441 other locations | Highly Rated For | Salary | Critically Rated For | Company Culture, Work Satisfaction, Promotions | To view salary insights | Select designation | 8.1k | Reviews | 14.2k | Salaries | 325 | Interviews | 138 | Jobs | 621 | Benefits | 19 | Photos",3.7,14.2,Banking,Bengaluru +441 other locations
Ekart Logistics,Ekart Logistics | Follow | 3.9 | (8.1k) | Logistics | Bengaluru +764 other locations | Highly Rated For | Skill Development | Critically Rated For | Promotions | To view salary insights | Select designation | 8.1k | Reviews | 18k | Salaries | 430 | Interviews | -- | Jobs | 440 | Benefits | 95 | Photos,3.9,18.0,Logistics,Bengaluru +764 other locations
Zydus Lifesciences,"Zydus Lifesciences | Follow | 4.0 | (8k) | Pharma | Ahmedabad +190 other locations | Highly Rated For | Salary, Skill Development, Company Culture | To view salary insights | Select designation | 8k | Reviews | 20.7k | Salaries | 598 | Interviews | 30 | Jobs | 724 | Benefits | 21 | Photos",4.0,20.7,Pharma,Ahmedabad +190 other locations
Sun Pharmaceutical Industries,"Sun Pharmaceutical Industries | Follow | 4.0 | (8k) | Pharma | Vadodara +269 other locations | AmbitionBox Award Winner'26 | Highly Rated For | Salary, Skill Development, Job Security | To view salary insights | Select designation | 8k | Reviews | 24.1k | Salaries | 730 | Interviews | 311 | Jobs | 645 | Benefits | 8 | Photos",4.0,24.1,Pharma,Vadodara +269 other locations
KPMG India,"KPMG India | Follow | 3.4 | (7.9k) | Management Consulting | Bengaluru +124 other locations | Critically Rated For | Promotions, Work Life Balance, Work Satisfaction | To view salary insights | Select designation | 7.9k | Reviews | 72k | Salaries | 975 | Interviews | 68 | Jobs | 789 | Benefits | 10 | Photos",3.4,72.0,Management Consulting,Bengaluru +124 other locations
HGS,"HGS | Follow | 3.7 | (7.8k) | Emerging Technologies | Bengaluru +125 other locations | Critically Rated For | Promotions, Salary | To view salary insights | Select designation | 7.8k | Reviews | 20.1k | Salaries | 281 | Interviews | 42 | Jobs | 970 | Benefits | 32 | Photos",3.7,20.1,Emerging Technologies,Bengaluru +125 other locations
Axis Max Life Insurance,"Axis Max Life Insurance | Follow | 4.0 | (7.7k) | Insurance | New Delhi +533 other locations | AmbitionBox Award Winner'26 | Highly Rated For | Company Culture, Work Life Balance, Job Security | To view salary insights | Select designation | 7.7k | Reviews | 20.9k | Salaries | 447 | Interviews | 2.5k | Jobs | 564 | Benefits | 22 | Photos",4.0,20.9,Insurance,New Delhi +533 other locations
Lupin,"Lupin | Follow | 4.1 | (7.7k) | Pharma | Pune +210 other locations | AmbitionBox Award Winner'26 | Highly Rated For | Company Culture, Skill Development, Work Life Balance | Critically Rated For | Promotions | To view salary insights | Select designation | 7.7k | Reviews | 22.9k | Salaries | 466 | Interviews | 76 | Jobs | 797 | Benefits | 11 | Photos",4.1,22.9,Pharma,Pune +210 other locations
Amazon Development Centre India,"Amazon Development Centre India | Follow | 3.8 | (7.6k) | Internet | Hyderabad +148 other locations | Highly Rated For | Company Culture, Work Life Balance | Critically Rated For | Promotions, Job Security, Skill Development | To view salary insights | Select designation | 7.6k | Reviews | 39.5k | Salaries | 919 | Interviews | 23 | Jobs | 612 | Benefits | 13 | Photos",3.8,39.5,Internet,Hyderabad +148 other locations
ITC,"ITC | Follow | 3.8 | (7.6k) | FMCG | Bengaluru +395 other locations | Highly Rated For | Job Security, Skill Development | Critically Rated For | Promotions | To view salary insights | Select designation | 7.6k | Reviews | 25.7k | Salaries | 733 | Interviews | 37 | Jobs | 665 | Benefits | 19 | Photos",3.8,25.7,FMCG,Bengaluru +395 other locations
Hindustan Unilever,"Hindustan Unilever | Follow | 4.1 | (7.5k) | FMCG | Mumbai +560 other locations | AmbitionBox Award Winner'26 | Highly Rated For | Skill Development, Company Culture, Job Security | Critically Rated For | Promotions | To view salary insights | Select designation | 7.5k | Reviews | 21.1k | Salaries | 493 | Interviews | 29 | Jobs | 719 | Benefits | 6 | Photos",4.1,21.1,FMCG,Mumbai +560 other locations
L&T Construction,"L&T Construction | Follow | 4.0 | (7.5k) | Engineering & Construction | Chennai +442 other locations | Highly Rated For | Job Security, Skill Development, Salary | Critically Rated For | Work Life Balance, Promotions | To view salary insights | Select designation | 7.5k | Reviews | 19.4k | Salaries | 966 | Interviews | -- | Jobs | 928 | Benefits | 42 | Photos",4.0,19.4,Engineering & Construction,Chennai +442 other locations
Megha Engineering & Infrastructures,"Megha Engineering & Infrastructures | Follow | 3.9 | (7.4k) | Engineering & Construction | Hyderabad +424 other locations | AmbitionBox Award Winner'26 | Highly Rated For | Work Life Balance, Job Security | Critically Rated For | Promotions | To view salary insights | Select designation | 7.4k | Reviews | 19.6k | Salaries | 614 | Interviews | 22 | Jobs | 573 | Benefits | 39 | Photos",3.9,19.6,Engineering & Construction,Hyderabad +424 other locations
Cholamandalam Investment & Finance,Cholamandalam Investment & Finance | Follow | 3.9 | (7.2k) | Financial Services | Chennai +897 other locations | Highly Rated For | Salary | Critically Rated For | Promotions | To view salary insights | Select designation | 7.2k | Reviews | 13.3k | Salaries | 316 | Interviews | 104 | Jobs | 328 | Benefits | 43 | Photos,3.9,13.3,Financial Services,Chennai +897 other locations
Tata Projects,"Tata Projects | Follow | 4.2 | (7.3k) | Engineering & Construction | Mumbai +293 other locations | AmbitionBox Award Winner'26 | Highly Rated For | Salary, Company Culture, Work Life Balance | To view salary insights | Select designation | 7.3k | Reviews | 23k | Salaries | 657 | Interviews | 62 | Jobs | 602 | Benefits | 64 | Photos",4.2,23.0,Engineering & Construction,Mumbai +293 other locations
Bajaj Life Insurance,Bajaj Life Insurance | Follow | 3.8 | (7.1k) | Insurance | Pune +635 other locations | Highly Rated For | Salary | To view salary insights | Select designation | 7.1k | Reviews | 18k | Salaries | 468 | Interviews | 98 | Jobs | 514 | Benefits | 18 | Photos,3.8,18.0,Insurance,Pune +635 other locations
L&T Technology Services,"L&T Technology Services | Follow | 3.1 | (7.1k) | IT Services & Consulting | Bengaluru +101 other locations | Critically Rated For | Promotions, Salary, Work Satisfaction | To view salary insights | Select designation | 7.1k | Reviews | 46.1k | Salaries | 665 | Interviews | 1 | Jobs | 525 | Benefits | 11 | Photos",3.1,46.1,IT Services & Consulting,Bengaluru +101 other locations
FIS,"FIS | Follow | 3.7 | (6.9k) | FinTech | Pune +63 other locations | Highly Rated For | Work Life Balance | Critically Rated For | Promotions, Job Security, Skill Development | To view salary insights | Select designation | 6.9k | Reviews | 38.7k | Salaries | 556 | Interviews | 138 | Jobs | 749 | Benefits | 17 | Photos",3.7,38.7,FinTech,Pune +63 other locations
Oracle,"Oracle | Follow | 3.3 | (6.9k) | Software Product | Bengaluru +61 other locations | Critically Rated For | Promotions, Salary, Job Security | To view salary insights | Select designation | 6.9k | Reviews | 66k | Salaries | 977 | Interviews | 23 | Jobs | 666 | Benefits | 39 | Photos",3.3,66.0,Software Product,Bengaluru +61 other locations
Omega Healthcare,"Omega Healthcare | Follow | 3.7 | (6.8k) | BPO | Chennai +73 other locations | Critically Rated For | Promotions, Salary | To view salary insights | Select designation | 6.8k | Reviews | 28.8k | Salaries | 584 | Interviews | 137 | Jobs | 422 | Benefits | 32 | Photos",3.7,28.8,BPO,Chennai +73 other locations
JLL,"JLL | Follow | 4.1 | (6.9k) | Real Estate | Gurugram +93 other locations | AmbitionBox Award Winner'26 | Highly Rated For | Company Culture, Work Life Balance, Job Security | Critically Rated For | Promotions | To view salary insights | Select designation | 6.9k | Reviews | 26.4k | Salaries | 516 | Interviews | 574 | Jobs | 586 | Benefits | 21 | Photos",4.1,26.4,Real Estate,Gurugram +93 other locations
Muthoot Finance,Muthoot Finance | Follow | 3.7 | (6.8k) | NBFC | Bengaluru +824 other locations | Highly Rated For | Job Security | Critically Rated For | Promotions | To view salary insights | Select designation | 6.8k | Reviews | 13.4k | Salaries | 392 | Interviews | 127 | Jobs | 362 | Benefits | 17 | Photos,3.7,13.4,NBFC,Bengaluru +824 other locations
eClerx,"eClerx | Follow | 3.0 | (6.7k) | IT Services & Consulting | Pune +35 other locations | Critically Rated For | Promotions, Salary, Work Satisfaction | To view salary insights | Select designation | 6.7k | Reviews | 34k | Salaries | 667 | Interviews | 485 | Jobs | 580 | Benefits | 26 | Photos",3.0,34.0,IT Services & Consulting,Pune +35 other locations
IIFL Finance,"IIFL Finance | Follow | 4.0 | (6.7k) | NBFC | Mumbai +846 other locations | AmbitionBox Award Winner'26 | Highly Rated For | Work Life Balance, Company Culture, Skill Development | To view salary insights | Select designation | 6.7k | Reviews | 14.1k | Salaries | 346 | Interviews | 75 | Jobs | 406 | Benefits | 23 | Photos",4.0,14.1,NBFC,Mumbai +846 other locations
PolicyBazaar,"PolicyBazaar | Follow | 3.7 | (6.6k) | Internet | Gurugram +169 other locations | Highly Rated For | Salary | Critically Rated For | Work Life Balance, Company Culture, Work Satisfaction | To view salary insights | Select designation | 6.6k | Reviews | 19.3k | Salaries | 682 | Interviews | 1.4k | Jobs | 309 | Benefits | 52 | Photos",3.7,19.3,Internet,Gurugram +169 other locations
Indian Army,"Indian Army | Follow | 4.7 | (6.6k) | Defence & Aerospace | New Delhi +379 other locations | Highly Rated For | Job Security, Company Culture, Work Life Balance | To view salary insights | Select designation | 6.6k | Reviews | 9.6k | Salaries | 218 | Interviews | -- | Jobs | 758 | Benefits | 16 | Photos",4.7,9.6,Defence & Aerospace,New Delhi +379 other locations
DMart,"DMart | Follow | 3.9 | (6.7k) | Retail | Mumbai +261 other locations | AmbitionBox Award Winner'26 | Highly Rated For | Job Security, Company Culture | Critically Rated For | Promotions | To view salary insights | Select designation | 6.7k | Reviews | 20k | Salaries | 591 | Interviews | 192 | Jobs | 504 | Benefits | 18 | Photos",3.9,20.0,Retail,Mumbai +261 other locations
Indiamart Intermesh,"Indiamart Intermesh | Follow | 3.6 | (6.5k) | Internet | Noida +169 other locations | Critically Rated For | Work Satisfaction, Promotions, Company Culture | To view salary insights | Select designation | 6.5k | Reviews | 21.7k | Salaries | 833 | Interviews | 231 | Jobs | 536 | Benefits | 27 | Photos",3.6,21.7,Internet,Noida +169 other locations
Piramal Finance,"Piramal Finance | Follow | 4.2 | (6.5k) | NBFC | Mumbai +446 other locations | AmbitionBox Award Winner'26 | Highly Rated For | Company Culture, Work Life Balance, Skill Development | To view salary insights | Select designation | 6.5k | Reviews | 13.1k | Salaries | 312 | Interviews | 103 | Jobs | 461 | Benefits | 84 | Photos",4.2,13.1,NBFC,Mumbai +446 other locations
Virtusa Consulting Services,"Virtusa Consulting Services | Follow | 3.6 | (6.4k) | IT Services & Consulting | Hyderabad +56 other locations | Critically Rated For | Promotions, Job Security, Salary | To view salary insights | Select designation | 6.4k | Reviews | 58.2k | Salaries | 700 | Interviews | 252 | Jobs | 349 | Benefits | 23 | Photos",3.6,58.2,IT Services & Consulting,Hyderabad +56 other locations
HSBC Group,"HSBC Group | Follow | 3.8 | (6.4k) | Financial Services | Bengaluru +68 other locations | Highly Rated For | Company Culture, Work Life Balance, Job Security | Critically Rated For | Promotions, Salary | To view salary insights | Select designation | 6.4k | Reviews | 46.4k | Salaries | 573 | Interviews | 106 | Jobs | 1.2k | Benefits | 26 | Photos",3.8,46.4,Financial Services,Bengaluru +68 other locations
SMFG India Credit,SMFG India Credit | Follow | 3.9 | (6.3k) | NBFC | Mumbai +626 other locations | Highly Rated For | Salary | Critically Rated For | Promotions | To view salary insights | Select designation | 6.3k | Reviews | 11.5k | Salaries | 229 | Interviews | 97 | Jobs | 364 | Benefits | 23 | Photos,3.9,11.5,NBFC,Mumbai +626 other locations
BigBasket,BigBasket | Follow | 3.9 | (6.2k) | Internet | Bengaluru +150 other locations | Highly Rated For | Job Security | Critically Rated For | Promotions | To view salary insights | Select designation | 6.2k | Reviews | 20.4k | Salaries | 525 | Interviews | 89 | Jobs | 414 | Benefits | 36 | Photos,3.9,20.4,Internet,Bengaluru +150 other locations
Access Healthcare,"Access Healthcare | Follow | 3.7 | (6.3k) | BPO | Chennai +63 other locations | Critically Rated For | Promotions, Skill Development | To view salary insights | Select designation | 6.3k | Reviews | 30.4k | Salaries | 426 | Interviews | 648 | Jobs | 398 | Benefits | 9 | Photos",3.7,30.4,BPO,Chennai +63 other locations
GlobalLogic,"GlobalLogic | Follow | 3.5 | (6.2k) | IT Services & Consulting | Hyderabad +65 other locations | Critically Rated For | Promotions, Salary, Work Satisfaction | To view salary insights | Select designation | 6.2k | Reviews | 42.8k | Salaries | 711 | Interviews | 51 | Jobs | 560 | Benefits | 21 | Photos",3.5,42.8,IT Services & Consulting,Hyderabad +65 other locations
HCL Group,"HCL Group | Follow | 3.5 | (6.2k) | IT Services & Consulting | Chennai +104 other locations | Critically Rated For | Promotions, Salary, Work Satisfaction | To view salary insights | Select designation | 6.2k | Reviews | 38.7k | Salaries | 529 | Interviews | -- | Jobs | 658 | Benefits | 1 | Photos",3.5,38.7,IT Services & Consulting,Chennai +104 other locations
Manappuram Finance,"Manappuram Finance | Follow | 4.0 | (6.2k) | NBFC | Bengaluru +686 other locations | Highly Rated For | Work Life Balance, Promotions, Skill Development | To view salary insights | Select designation | 6.2k | Reviews | 9.6k | Salaries | 241 | Interviews | 6 | Jobs | 254 | Benefits | 38 | Photos",4.0,9.6,NBFC,Bengaluru +686 other locations
ICICI Lombard General Insurance Company,"ICICI Lombard General Insurance Company | Follow | 3.5 | (6.1k) | Insurance | Mumbai +328 other locations | Critically Rated For | Promotions, Work Satisfaction, Company Culture | To view salary insights | Select designation | 6.1k | Reviews | 20.8k | Salaries | 388 | Interviews | 231 | Jobs | 409 | Benefits | 26 | Photos",3.5,20.8,Insurance,Mumbai +328 other locations
Firstsource Solutions,"Firstsource Solutions | Follow | 3.5 | (6.1k) | BPO | Bengaluru +74 other locations | Critically Rated For | Promotions, Salary, Company Culture | To view salary insights | Select designation | 6.1k | Reviews | 25.4k | Salaries | 383 | Interviews | 65 | Jobs | 583 | Benefits | 14 | Photos",3.5,25.4,BPO,Bengaluru +74 other locations
Siemens,"Siemens | Follow | 4.0 | (6.1k) | Industrial Automation | Bengaluru +164 other locations | Highly Rated For | Work Life Balance, Job Security, Company Culture | Critically Rated For | Promotions | To view salary insights | Select designation | 6.1k | Reviews | 35.7k | Salaries | 530 | Interviews | 45 | Jobs | 654 | Benefits | 13 | Photos",4.0,35.7,Industrial Automation,Bengaluru +164 other locations
Swiggy,"Swiggy | Follow | 3.7 | (6.1k) | Internet | Bengaluru +251 other locations | Critically Rated For | Promotions, Job Security, Work Life Balance | To view salary insights | Select designation | 6.1k | Reviews | 25.3k | Salaries | 626 | Interviews | 215 | Jobs | 388 | Benefits | 22 | Photos",3.7,25.3,Internet,Bengaluru +251 other locations
Apollo Hospitals,"Apollo Hospitals | Follow | 4.0 | (6.1k) | Healthcare | Chennai +237 other locations | Highly Rated For | Job Security, Skill Development, Company Culture | Critically Rated For | Promotions | To view salary insights | Select designation | 6.1k | Reviews | 17.4k | Salaries | 523 | Interviews | 328 | Jobs | 534 | Benefits | 3 | Photos",4.0,17.4,Healthcare,Chennai +237 other locations
Shapoorji Pallonji Group,"Shapoorji Pallonji Group | Follow | 4.1 | (6.1k) | Engineering & Construction | Mumbai +190 other locations | Highly Rated For | Job Security, Company Culture, Work Life Balance | Critically Rated For | Promotions | To view salary insights | Select designation | 6.1k | Reviews | 15.6k | Salaries | 461 | Interviews | 60 | Jobs | 662 | Benefits | 14 | Photos",4.1,15.6,Engineering & Construction,Mumbai +190 other locations
UST,"UST | Follow | 3.7 | (6k) | IT Services & Consulting | Bengaluru +57 other locations | Highly Rated For | Work Life Balance | Critically Rated For | Promotions, Job Security, Salary | To view salary insights | Select designation | 6k | Reviews | 41.6k | Salaries | 626 | Interviews | 672 | Jobs | 421 | Benefits | 27 | Photos",3.7,41.6,IT Services & Consulting,Bengaluru +57 other locations
Aurobindo Pharma,"Aurobindo Pharma | Follow | 4.0 | (6k) | Pharma | Hyderabad +120 other locations | AmbitionBox Award Winner'26 | Highly Rated For | Job Security, Salary, Work Life Balance | Critically Rated For | Promotions | To view salary insights | Select designation | 6k | Reviews | 20.4k | Salaries | 310 | Interviews | 19 | Jobs | 478 | Benefits | 9 | Photos",4.0,20.4,Pharma,Hyderabad +120 other locations
Tata Capital,"Tata Capital | Follow | 4.0 | (6k) | NBFC | Mumbai +474 other locations | Highly Rated For | Job Security, Company Culture, Work Life Balance | Critically Rated For | Promotions | To view salary insights | Select designation | 6k | Reviews | 17.2k | Salaries | 309 | Interviews | 5.8k | Jobs | 288 | Benefits | 24 | Photos",4.0,17.2,NBFC,Mumbai +474 other locations
Mahindra Finance,Mahindra Finance | Follow | 3.8 | (6k) | NBFC | Mumbai +769 other locations | Critically Rated For | Promotions | To view salary insights | Select designation | 6k | Reviews | 12.2k | Salaries | 234 | Interviews | 153 | Jobs | 538 | Benefits | 13 | Photos,3.8,12.2,NBFC,Mumbai +769 other locations
Standard Chartered,"Standard Chartered | Follow | 3.6 | (6k) | Banking | Chennai +74 other locations | Critically Rated For | Promotions, Work Satisfaction, Salary | To view salary insights | Select designation | 6k | Reviews | 42.5k | Salaries | 338 | Interviews | 9 | Jobs | 327 | Benefits | -- | Photos",3.6,42.5,Banking,Chennai +74 other locations
Bosch Global Software Technologies,"Bosch Global Software Technologies | Follow | 3.7 | (5.9k) | IT Services & Consulting | Bengaluru +48 other locations | Highly Rated For | Work Life Balance, Company Culture, Job Security | Critically Rated For | Promotions, Salary, Work Satisfaction | To view salary insights | Select designation | 5.9k | Reviews | 41k | Salaries | 401 | Interviews | 32 | Jobs | 663 | Benefits | 21 | Photos",3.7,41.0,IT Services & Consulting,Bengaluru +48 other locations
Ashok Leyland,"Ashok Leyland | Follow | 4.0 | (5.8k) | Automobile | Chennai +277 other locations | Highly Rated For | Skill Development, Company Culture, Work Life Balance | Critically Rated For | Promotions | To view salary insights | Select designation | 5.8k | Reviews | 19.1k | Salaries | 342 | Interviews | 2 | Jobs | 660 | Benefits | 16 | Photos",4.0,19.1,Automobile,Chennai +277 other locations
Citicorp,"Citicorp | Follow | 3.6 | (5.8k) | Financial Services | Pune +75 other locations | Highly Rated For | Salary | Critically Rated For | Promotions, Work Satisfaction, Skill Development | To view salary insights | Select designation | 5.8k | Reviews | 55.6k | Salaries | 654 | Interviews | -- | Jobs | 544 | Benefits | 7 | Photos",3.6,55.6,Financial Services,Pune +75 other locations
Hero MotoCorp,"Hero MotoCorp | Follow | 4.1 | (5.8k) | Automobile | Gurugram +394 other locations | Highly Rated For | Work Life Balance, Company Culture, Work Satisfaction | Critically Rated For | Promotions | To view salary insights | Select designation | 5.8k | Reviews | 16.8k | Salaries | 445 | Interviews | -- | Jobs | 616 | Benefits | 11 | Photos",4.1,16.8,Automobile,Gurugram +394 other locations
Udaan,"Udaan | Follow | 3.9 | (5.8k) | Internet | Bengaluru +374 other locations | Highly Rated For | Salary | Critically Rated For | Job Security, Promotions | To view salary insights | Select designation | 5.8k | Reviews | 15.1k | Salaries | 377 | Interviews | 4 | Jobs | 707 | Benefits | 16 | Photos",3.9,15.1,Internet,Bengaluru +374 other locations
CGI Inc,"CGI Inc | Follow | 4.0 | (5.7k) | IT Services & Consulting | Bengaluru +49 other locations | AmbitionBox Award Winner'26 | Highly Rated For | Work Life Balance, Job Security, Company Culture | Critically Rated For | Promotions, Salary | To view salary insights | Select designation | 5.7k | Reviews | 48.2k | Salaries | 590 | Interviews | 446 | Jobs | 380 | Benefits | 6 | Photos",4.0,48.2,IT Services & Consulting,Bengaluru +49 other locations
Kalpataru Projects International,"Kalpataru Projects International | Follow | 4.1 | (5.7k) | Engineering & Construction | Mumbai +346 other locations | Highly Rated For | Job Security, Skill Development, Salary | To view salary insights | Select designation | 5.7k | Reviews | 14.4k | Salaries | 362 | Interviews | 2 | Jobs | 244 | Benefits | 23 | Photos",4.1,14.4,Engineering & Construction,Mumbai +346 other locations
NTT DATA,NTT DATA | Follow | 3.8 | (5.7k) | IT Services & Consulting | Bengaluru +89 other locations | Highly Rated For | Work Life Balance | Critically Rated For | Promotions | To view salary insights | Select designation | 5.7k | Reviews | 40.1k | Salaries | 791 | Interviews | 10 | Jobs | 557 | Benefits | 2 | Photos,3.8,40.1,IT Services & Consulting,Bengaluru +89 other locations
Nagarjuna Construction Company,"Nagarjuna Construction Company | Follow | 4.0 | (5.6k) | Construction | Hyderabad +308 other locations | Highly Rated For | Job Security, Skill Development | Critically Rated For | Promotions | To view salary insights | Select designation | 5.6k | Reviews | 13.2k | Salaries | 479 | Interviews | 12 | Jobs | 438 | Benefits | 13 | Photos",4.0,13.2,Construction,Hyderabad +308 other locations
SBI Cards & Payment Services,"SBI Cards & Payment Services | Follow | 3.6 | (5.6k) | Financial Services | Gurugram +463 other locations | Critically Rated For | Promotions, Work Satisfaction, Company Culture | To view salary insights | Select designation | 5.6k | Reviews | 15.8k | Salaries | 346 | Interviews | 113 | Jobs | 359 | Benefits | 14 | Photos",3.6,15.8,Financial Services,Gurugram +463 other locations
IQVIA,"IQVIA | Follow | 3.7 | (5.6k) | Clinical Research | Bengaluru +68 other locations | Highly Rated For | Work Life Balance | Critically Rated For | Promotions, Salary, Work Satisfaction | To view salary insights | Select designation | 5.6k | Reviews | 32.7k | Salaries | 587 | Interviews | 39 | Jobs | 563 | Benefits | 10 | Photos",3.7,32.7,Clinical Research,Bengaluru +68 other locations
BNY,"BNY | Follow | 3.6 | (5.5k) | Financial Services | Pune +29 other locations | Critically Rated For | Promotions, Job Security, Work Satisfaction | To view salary insights | Select designation | 5.5k | Reviews | 32.7k | Salaries | 410 | Interviews | 58 | Jobs | 562 | Benefits | 1 | Photos",3.6,32.7,Financial Services,Pune +29 other locations
Cyient,"Cyient | Follow | 3.6 | (5.5k) | IT Services & Consulting | Hyderabad +52 other locations | Critically Rated For | Promotions, Salary, Skill Development | To view salary insights | Select designation | 5.5k | Reviews | 27.7k | Salaries | 348 | Interviews | 171 | Jobs | 461 | Benefits | 3 | Photos",3.6,27.7,IT Services & Consulting,Hyderabad +52 other locations
Schneider Electric,"Schneider Electric | Follow | 4.1 | (5.5k) | Industrial Automation | Bengaluru +124 other locations | AmbitionBox Award Winner'26 | Highly Rated For | Company Culture, Work Life Balance, Job Security | Critically Rated For | Promotions | To view salary insights | Select designation | 5.5k | Reviews | 27k | Salaries | 481 | Interviews | 473 | Jobs | 465 | Benefits | 14 | Photos",4.1,27.0,Industrial Automation,Bengaluru +124 other locations
CBRE,"CBRE | Follow | 4.1 | (5.5k) | Real Estate | Hyderabad +101 other locations | AmbitionBox Award Winner'26 | Highly Rated For | Company Culture, Work Life Balance, Job Security | To view salary insights | Select designation | 5.5k | Reviews | 19.7k | Salaries | 378 | Interviews | 21 | Jobs | 494 | Benefits | 19 | Photos",4.1,19.7,Real Estate,Hyderabad +101 other locations
SBI Life Insurance Company,"SBI Life Insurance Company | Follow | 3.7 | (5.5k) | Insurance | Mumbai +683 other locations | Highly Rated For | Job Security | Critically Rated For | Promotions, Work Life Balance, Work Satisfaction | To view salary insights | Select designation | 5.5k | Reviews | 12.3k | Salaries | 334 | Interviews | 12 | Jobs | 351 | Benefits | 25 | Photos",3.7,12.3,Insurance,Mumbai +683 other locations
Persistent Systems,"Persistent Systems | Follow | 3.6 | (5.4k) | IT Services & Consulting | Pune +42 other locations | Critically Rated For | Promotions, Job Security, Work Satisfaction | To view salary insights | Select designation | 5.4k | Reviews | 48.5k | Salaries | 746 | Interviews | 383 | Jobs | 412 | Benefits | 33 | Photos",3.6,48.5,IT Services & Consulting,Pune +42 other locations
TVS Motor,"TVS Motor | Follow | 3.8 | (5.4k) | Automobile | Hosur +364 other locations | Highly Rated For | Skill Development, Salary | Critically Rated For | Promotions | To view salary insights | Select designation | 5.4k | Reviews | 17.1k | Salaries | 445 | Interviews | 277 | Jobs | 573 | Benefits | 21 | Photos",3.8,17.1,Automobile,Hosur +364 other locations
JustDial,"JustDial | Follow | 3.5 | (5.4k) | Internet | Noida +242 other locations | Critically Rated For | Promotions, Work Satisfaction, Job Security | To view salary insights | Select designation | 5.4k | Reviews | 15.7k | Salaries | 413 | Interviews | 18 | Jobs | 373 | Benefits | 10 | Photos",3.5,15.7,Internet,Noida +242 other locations
State Bank of India,"State Bank of India | Follow | 3.9 | (5.3k) | Banking | Mumbai +683 other locations | Highly Rated For | Job Security, Skill Development, Salary | To view salary insights | Select designation | 5.3k | Reviews | 12k | Salaries | 354 | Interviews | 20 | Jobs | 417 | Benefits | 7 | Photos",3.9,12.0,Banking,Mumbai +683 other locations
KEC International,"KEC International | Follow | 4.0 | (5.3k) | Engineering & Construction | Mumbai +328 other locations | Highly Rated For | Job Security, Salary, Work Life Balance | Critically Rated For | Promotions | To view salary insights | Select designation | 5.3k | Reviews | 14.2k | Salaries | 451 | Interviews | 13 | Jobs | 485 | Benefits | 57 | Photos",4.0,14.2,Engineering & Construction,Mumbai +328 other locations
ITC Infotech,"ITC Infotech | Follow | 3.8 | (5.3k) | IT Services & Consulting | Bengaluru +72 other locations | AmbitionBox Award Winner'26 | Highly Rated For | Work Life Balance, Job Security | Critically Rated For | Promotions | To view salary insights | Select designation | 5.3k | Reviews | 30.6k | Salaries | 435 | Interviews | 68 | Jobs | 307 | Benefits | 11 | Photos",3.8,30.6,IT Services & Consulting,Bengaluru +72 other locations
Amdocs,"Amdocs | Follow | 3.6 | (5.2k) | Software Product | Pune +25 other locations | Critically Rated For | Promotions, Job Security, Work Satisfaction | To view salary insights | Select designation | 5.2k | Reviews | 38.1k | Salaries | 579 | Interviews | -- | Jobs | 638 | Benefits | 22 | Photos",3.6,38.1,Software Product,Pune +25 other locations
Utkarsh Small Finance Bank,"Utkarsh Small Finance Bank | Follow | 3.6 | (5.2k) | Banking | Varanasi +444 other locations | Critically Rated For | Promotions, Company Culture, Work Satisfaction | To view salary insights | Select designation | 5.2k | Reviews | 11.9k | Salaries | 345 | Interviews | 41 | Jobs | 306 | Benefits | 56 | Photos",3.6,11.9,Banking,Varanasi +444 other locations
Atos,"Atos | Follow | 3.8 | (5.1k) | IT Services & Consulting | Pune +57 other locations | Highly Rated For | Work Life Balance | Critically Rated For | Promotions, Salary | To view salary insights | Select designation | 5.1k | Reviews | 33k | Salaries | 422 | Interviews | 74 | Jobs | 480 | Benefits | 10 | Photos",3.8,33.0,IT Services & Consulting,Pune +57 other locations
Varun Beverages,"Varun Beverages | Follow | 4.0 | (5.1k) | Beverage | New Delhi +395 other locations | Highly Rated For | Job Security, Work Life Balance | Critically Rated For | Promotions | To view salary insights | Select designation | 5.1k | Reviews | 12.6k | Salaries | 367 | Interviews | 19 | Jobs | 339 | Benefits | 32 | Photos",4.0,12.6,Beverage,New Delhi +395 other locations
JBM Group,"JBM Group | Follow | 3.9 | (5.1k) | Auto Components | Gurugram +124 other locations | Highly Rated For | Job Security, Skill Development | Critically Rated For | Promotions | To view salary insights | Select designation | 5.1k | Reviews | 14.3k | Salaries | 382 | Interviews | 77 | Jobs | 365 | Benefits | 22 | Photos",3.9,14.3,Auto Components,Gurugram +124 other locations
vivo,"vivo | Follow | 4.0 | (5.1k) | Consumer Electronics & Appliances | Noida +423 other locations | AmbitionBox Award Winner'26 | Highly Rated For | Company Culture, Skill Development, Work Life Balance | Critically Rated For | Promotions | To view salary insights | Select designation | 5.1k | Reviews | 12.9k | Salaries | 252 | Interviews | 28 | Jobs | 633 | Benefits | 3 | Photos",4.0,12.9,Consumer Electronics & Appliances,Noida +423 other locations
Lenskart,"Lenskart | Follow | 3.4 | (5.1k) | Internet | New Delhi +275 other locations | Critically Rated For | Promotions, Company Culture, Work Life Balance | To view salary insights | Select designation | 5.1k | Reviews | 14.2k | Salaries | 554 | Interviews | 216 | Jobs | 370 | Benefits | 48 | Photos",3.4,14.2,Internet,New Delhi +275 other locations
Randstad,"Randstad | Follow | 3.7 | (5k) | Recruitment | Hyderabad +380 other locations | Critically Rated For | Promotions, Job Security, Work Satisfaction | To view salary insights | Select designation | 5k | Reviews | 17.9k | Salaries | 349 | Interviews | 18 | Jobs | 366 | Benefits | 7 | Photos",3.7,17.9,Recruitment,Hyderabad +380 other locations
Hetero,"Hetero | Follow | 3.9 | (5k) | Pharma | Hyderabad +75 other locations | Highly Rated For | Job Security, Work Life Balance | Critically Rated For | Promotions | To view salary insights | Select designation | 5k | Reviews | 15.8k | Salaries | 478 | Interviews | 90 | Jobs | 405 | Benefits | 16 | Photos",3.9,15.8,Pharma,Hyderabad +75 other locations
Intas Pharmaceuticals,"Intas Pharmaceuticals | Follow | 4.1 | (4.9k) | Pharma | Ahmedabad +159 other locations | AmbitionBox Award Winner'26 | Highly Rated For | Job Security, Salary, Work Life Balance | To view salary insights | Select designation | 4.9k | Reviews | 18.2k | Salaries | 279 | Interviews | 34 | Jobs | 408 | Benefits | 9 | Photos",4.1,18.2,Pharma,Ahmedabad +159 other locations
Havells,"Havells | Follow | 3.9 | (4.9k) | Electrical Equipment | Noida +277 other locations | Highly Rated For | Work Life Balance, Salary | Critically Rated For | Promotions | To view salary insights | Select designation | 4.9k | Reviews | 16.1k | Salaries | 321 | Interviews | 23 | Jobs | 341 | Benefits | 14 | Photos",3.9,16.1,Electrical Equipment,Noida +277 other locations
Nagarro,"Nagarro | Follow | 3.8 | (4.9k) | IT Services & Consulting | Gurugram +50 other locations | Highly Rated For | Work Life Balance, Company Culture | Critically Rated For | Promotions | To view salary insights | Select designation | 4.9k | Reviews | 34.5k | Salaries | 848 | Interviews | 315 | Jobs | 1.1k | Benefits | 16 | Photos",3.8,34.5,IT Services & Consulting,Gurugram +50 other locations
Ecom Express,"Ecom Express | Follow | 4.1 | (4.9k) | Logistics | Gurugram +800 other locations | Highly Rated For | Work Life Balance, Company Culture, Work Satisfaction | To view salary insights | Select designation | 4.9k | Reviews | 9.3k | Salaries | 270 | Interviews | -- | Jobs | 311 | Benefits | 39 | Photos",4.1,9.3,Logistics,Gurugram +800 other locations
Bosch,"Bosch | Follow | 4.1 | (4.9k) | Auto Components | Bengaluru +144 other locations | Highly Rated For | Work Life Balance, Company Culture, Skill Development | Critically Rated For | Promotions | To view salary insights | Select designation | 4.9k | Reviews | 21.5k | Salaries | 394 | Interviews | 2 | Jobs | 620 | Benefits | 18 | Photos",4.1,21.5,Auto Components,Bengaluru +144 other locations
Aditya Birla Fashion and Retail,"Aditya Birla Fashion and Retail | Follow | 4.1 | (4.9k) | Fashion & Textile | Bengaluru +301 other locations | Highly Rated For | Job Security, Skill Development, Company Culture | Critically Rated For | Promotions | To view salary insights | Select designation | 4.9k | Reviews | 13.5k | Salaries | 290 | Interviews | 86 | Jobs | 423 | Benefits | 14 | Photos",4.1,13.5,Fashion & Textile,Bengaluru +301 other locations
Tata AIA Life Insurance,"Tata AIA Life Insurance | Follow | 3.8 | (4.9k) | Insurance | Mumbai +478 other locations | Highly Rated For | Job Security, Skill Development | Critically Rated For | Promotions | To view salary insights | Select designation | 4.9k | Reviews | 15.4k | Salaries | 271 | Interviews | 923 | Jobs | 325 | Benefits | 25 | Photos",3.8,15.4,Insurance,Mumbai +478 other locations
R1 RCM,R1 RCM | Follow | 3.8 | (4.9k) | BPO | Hyderabad +52 other locations | Highly Rated For | Job Security | Critically Rated For | Promotions | To view salary insights | Select designation | 4.9k | Reviews | 22.9k | Salaries | 380 | Interviews | 184 | Jobs | 365 | Benefits | 23 | Photos,3.8,22.9,BPO,Hyderabad +52 other locations
L&T Finance,L&T Finance | Follow | 3.8 | (4.9k) | NBFC | Mumbai +686 other locations | Highly Rated For | Salary | Critically Rated For | Promotions | To view salary insights | Select designation | 4.9k | Reviews | 11.9k | Salaries | 244 | Interviews | -- | Jobs | 255 | Benefits | 45 | Photos,3.8,11.9,NBFC,Mumbai +686 other locations
EY Global Delivery Services ( EY GDS),"EY Global Delivery Services ( EY GDS) | Follow | 3.4 | (4.9k) | IT Services & Consulting | Bengaluru +59 other locations | Critically Rated For | Promotions, Work Life Balance, Work Satisfaction | To view salary insights | Select designation | 4.9k | Reviews | 55k | Salaries | 945 | Interviews | 20 | Jobs | 368 | Benefits | 18 | Photos",3.4,55.0,IT Services & Consulting,Bengaluru +59 other locations
Eviden,"Eviden | Follow | 3.6 | (4.8k) | IT Services & Consulting | Pune +41 other locations | Highly Rated For | Work Life Balance | Critically Rated For | Promotions, Salary, Job Security | To view salary insights | Select designation | 4.8k | Reviews | 25.8k | Salaries | 317 | Interviews | -- | Jobs | 3 | Benefits | 11 | Photos",3.6,25.8,IT Services & Consulting,Pune +41 other locations
Berger Paints,"Berger Paints | Follow | 3.7 | (4.8k) | Chemicals | Kolkata +389 other locations | Critically Rated For | Promotions, Company Culture, Work Life Balance | To view salary insights | Select designation | 4.8k | Reviews | 11k | Salaries | 469 | Interviews | 303 | Jobs | 291 | Benefits | 11 | Photos",3.7,11.0,Chemicals,Kolkata +389 other locations
Cars24,"Cars24 | Follow | 3.5 | (4.8k) | Internet | Gurugram +174 other locations | Critically Rated For | Job Security, Promotions, Company Culture | To view salary insights | Select designation | 4.8k | Reviews | 16.1k | Salaries | 423 | Interviews | 84 | Jobs | 403 | Benefits | 18 | Photos",3.5,16.1,Internet,Gurugram +174 other locations
Hewlett Packard Enterprise,"Hewlett Packard Enterprise | Follow | 4.0 | (4.8k) | IT Services & Consulting | Bengaluru +106 other locations | AmbitionBox Award Winner'26 | Highly Rated For | Work Life Balance, Company Culture, Work Satisfaction | Critically Rated For | Promotions | To view salary insights | Select designation | 4.8k | Reviews | 27.9k | Salaries | 275 | Interviews | 307 | Jobs | 556 | Benefits | 18 | Photos",4.0,27.9,IT Services & Consulting,Bengaluru +106 other locations
Mahindra Logistics,"Mahindra Logistics | Follow | 3.7 | (4.8k) | Logistics | Mumbai +240 other locations | Critically Rated For | Promotions, Salary | To view salary insights | Select designation | 4.8k | Reviews | 12.9k | Salaries | 259 | Interviews | 121 | Jobs | 455 | Benefits | 24 | Photos",3.7,12.9,Logistics,Mumbai +240 other locations
Dell,"Dell | Follow | 3.8 | (4.7k) | Consumer Electronics & Appliances | Bengaluru +124 other locations | Highly Rated For | Work Life Balance, Company Culture | Critically Rated For | Promotions, Job Security | To view salary insights | Select designation | 4.7k | Reviews | 29.7k | Salaries | 447 | Interviews | 17 | Jobs | 562 | Benefits | 25 | Photos",3.8,29.7,Consumer Electronics & Appliances,Bengaluru +124 other locations
Deutsche Bank,"Deutsche Bank | Follow | 3.8 | (4.7k) | Banking | Pune +44 other locations | Highly Rated For | Work Life Balance, Job Security, Company Culture | Critically Rated For | Promotions | To view salary insights | Select designation | 4.7k | Reviews | 39.3k | Salaries | 450 | Interviews | 289 | Jobs | 432 | Benefits | 81 | Photos",3.8,39.3,Banking,Pune +44 other locations
Home Credit Finance,"Home Credit Finance | Follow | 4.0 | (4.7k) | NBFC | Gurugram +147 other locations | Highly Rated For | Work Life Balance, Company Culture, Work Satisfaction | Critically Rated For | Promotions | To view salary insights | Select designation | 4.7k | Reviews | 9k | Salaries | 157 | Interviews | 113 | Jobs | 604 | Benefits | 7 | Photos",4.0,9.0,NBFC,Gurugram +147 other locations
TeamLease Services,TeamLease Services | Follow | 3.9 | (4.7k) | Recruitment | Bengaluru +425 other locations | Highly Rated For | Work Life Balance | Critically Rated For | Promotions | To view salary insights | Select designation | 4.7k | Reviews | 16.8k | Salaries | 273 | Interviews | -- | Jobs | 228 | Benefits | 6 | Photos,3.9,16.8,Recruitment,Bengaluru +425 other locations
Motilal Oswal Financial Services,"Motilal Oswal Financial Services | Follow | 3.6 | (4.7k) | Financial Services | Mumbai +172 other locations | Critically Rated For | Work Satisfaction, Promotions, Work Life Balance | To view salary insights | Select designation | 4.7k | Reviews | 13.9k | Salaries | 563 | Interviews | 60 | Jobs | 182 | Benefits | 90 | Photos",3.6,13.9,Financial Services,Mumbai +172 other locations
VE Commercial Vehicles,"VE Commercial Vehicles | Follow | 3.9 | (4.6k) | Automobile | Indore +187 other locations | Highly Rated For | Job Security, Company Culture, Skill Development | Critically Rated For | Promotions, Salary | To view salary insights | Select designation | 4.6k | Reviews | 14.8k | Salaries | 309 | Interviews | 20 | Jobs | 379 | Benefits | 13 | Photos",3.9,14.8,Automobile,Indore +187 other locations
Hyundai Motor India Limited,"Hyundai Motor India Limited | Follow | 4.1 | (4.6k) | Automobile | Chennai +297 other locations | Highly Rated For | Job Security, Salary, Work Life Balance | Critically Rated For | Promotions | To view salary insights | Select designation | 4.6k | Reviews | 14.6k | Salaries | 339 | Interviews | 3 | Jobs | 538 | Benefits | 33 | Photos",4.1,14.6,Automobile,Chennai +297 other locations
OPPO,"OPPO | Follow | 3.9 | (4.6k) | Consumer Electronics & Appliances | Greater Noida +419 other locations | Highly Rated For | Skill Development | Critically Rated For | Promotions, Job Security | To view salary insights | Select designation | 4.6k | Reviews | 11.4k | Salaries | 268 | Interviews | 10 | Jobs | 591 | Benefits | 10 | Photos",3.9,11.4,Consumer Electronics & Appliances,Greater Noida +419 other locations
Thermax Limited,"Thermax Limited | Follow | 4.2 | (4.6k) | Industrial Machinery | Pune +269 other locations | Highly Rated For | Job Security, Company Culture, Skill Development | Critically Rated For | Promotions | To view salary insights | Select designation | 4.6k | Reviews | 13.7k | Salaries | 368 | Interviews | 34 | Jobs | 405 | Benefits | 24 | Photos",4.2,13.7,Industrial Machinery,Pune +269 other locations
Carelon Global Solutions,"Carelon Global Solutions | Follow | 3.9 | (4.5k) | IT Services & Consulting | Bengaluru +22 other locations | Highly Rated For | Company Culture, Work Life Balance, Job Security | Critically Rated For | Promotions | To view salary insights | Select designation | 4.5k | Reviews | 29.3k | Salaries | 441 | Interviews | 62 | Jobs | 38 | Benefits | 13 | Photos",3.9,29.3,IT Services & Consulting,Bengaluru +22 other locations
Hindalco Industries,"Hindalco Industries | Follow | 4.2 | (4.5k) | Metals & Mining | Sambalpur +136 other locations | AmbitionBox Award Winner'26 | Highly Rated For | Job Security, Work Life Balance, Skill Development | To view salary insights | Select designation | 4.5k | Reviews | 13.4k | Salaries | 335 | Interviews | 15 | Jobs | 380 | Benefits | 23 | Photos",4.2,13.4,Metals & Mining,Sambalpur +136 other locations
Jindal Steel Limited,"Jindal Steel Limited | Follow | 3.9 | (4.5k) | Iron & Steel | Angul +178 other locations | Highly Rated For | Skill Development, Job Security | Critically Rated For | Promotions | To view salary insights | Select designation | 4.5k | Reviews | 16.6k | Salaries | 460 | Interviews | 45 | Jobs | 368 | Benefits | 39 | Photos",3.9,16.6,Iron & Steel,Angul +178 other locations
Jubilant Foods Works,"Jubilant Foods Works | Follow | 3.7 | (4.5k) | Hospitality | Noida +277 other locations | Critically Rated For | Promotions, Work Satisfaction | To view salary insights | Select designation | 4.5k | Reviews | 10k | Salaries | 275 | Interviews | 271 | Jobs | 215 | Benefits | 20 | Photos",3.7,10.0,Hospitality,Noida +277 other locations
Macleods Pharmaceuticals,"Macleods Pharmaceuticals | Follow | 3.7 | (4.5k) | Pharma | Mumbai +143 other locations | Highly Rated For | Job Security | Critically Rated For | Promotions, Company Culture | To view salary insights | Select designation | 4.5k | Reviews | 16.1k | Salaries | 285 | Interviews | 20 | Jobs | 353 | Benefits | 4 | Photos",3.7,16.1,Pharma,Mumbai +143 other locations
State Street Corporation,"State Street Corporation | Follow | 3.5 | (4.4k) | Financial Services | Bengaluru +39 other locations | Critically Rated For | Promotions, Work Satisfaction, Job Security | To view salary insights | Select designation | 4.4k | Reviews | 35.1k | Salaries | 309 | Interviews | 12 | Jobs | 287 | Benefits | 11 | Photos",3.5,35.1,Financial Services,Bengaluru +39 other locations
Bajaj Auto,Bajaj Auto | Follow | 3.8 | (4.4k) | Automobile | Pune +337 other locations | Critically Rated For | Promotions | To view salary insights | Select designation | 4.4k | Reviews | 15.1k | Salaries | 342 | Interviews | 40 | Jobs | 489 | Benefits | 19 | Photos,3.8,15.1,Automobile,Pune +337 other locations
LG Electronics,"LG Electronics | Follow | 3.8 | (4.4k) | Consumer Electronics & Appliances | Pune +312 other locations | Highly Rated For | Job Security | Critically Rated For | Promotions, Work Life Balance | To view salary insights | Select designation | 4.4k | Reviews | 11.4k | Salaries | 278 | Interviews | 13 | Jobs | 410 | Benefits | 18 | Photos",3.8,11.4,Consumer Electronics & Appliances,Pune +312 other locations
DCB Bank,DCB Bank | Follow | 3.8 | (4.3k) | Banking | Mumbai +355 other locations | Highly Rated For | Work Life Balance | Critically Rated For | Promotions | To view salary insights | Select designation | 4.3k | Reviews | 9.9k | Salaries | 240 | Interviews | 19 | Jobs | 264 | Benefits | 24 | Photos,3.8,9.9,Banking,Mumbai +355 other locations
RBL Bank,"RBL Bank | Follow | 3.5 | (4.3k) | Banking | Mumbai +312 other locations | Critically Rated For | Promotions, Company Culture, Work Satisfaction | To view salary insights | Select designation | 4.3k | Reviews | 18.9k | Salaries | 256 | Interviews | 46 | Jobs | 227 | Benefits | 13 | Photos",3.5,18.9,Banking,Mumbai +312 other locations
HDFC ERGO General Insurance,"HDFC ERGO General Insurance | Follow | 3.9 | (4.3k) | Insurance | Mumbai +337 other locations | AmbitionBox Award Winner'26 | Highly Rated For | Work Life Balance, Company Culture, Job Security | Critically Rated For | Promotions | To view salary insights | Select designation | 4.3k | Reviews | 12.4k | Salaries | 220 | Interviews | 31 | Jobs | 284 | Benefits | 7 | Photos",3.9,12.4,Insurance,Mumbai +337 other locations
Royal Enfield,"Royal Enfield | Follow | 4.2 | (4.3k) | Automobile | Chennai +386 other locations | Highly Rated For | Company Culture, Work Life Balance, Work Satisfaction | Critically Rated For | Promotions | To view salary insights | Select designation | 4.3k | Reviews | 15.3k | Salaries | 215 | Interviews | 4 | Jobs | 403 | Benefits | 39 | Photos",4.2,15.3,Automobile,Chennai +386 other locations
Cloudnine Hospital,"Cloudnine Hospital | Follow | 4.5 | (4.2k) | Healthcare | Bengaluru +48 other locations | Highly Rated For | Company Culture, Job Security, Skill Development | To view salary insights | Select designation | 4.2k | Reviews | 3.3k | Salaries | 1.7k | Interviews | 28 | Jobs | 243 | Benefits | 7 | Photos",4.5,3.3,Healthcare,Bengaluru +48 other locations
John Deere,"John Deere | Follow | 4.0 | (4.2k) | Industrial Machinery | Pune +163 other locations | Highly Rated For | Company Culture, Work Life Balance, Skill Development | Critically Rated For | Promotions | To view salary insights | Select designation | 4.2k | Reviews | 16.1k | Salaries | 281 | Interviews | 4 | Jobs | 448 | Benefits | 12 | Photos",4.0,16.1,Industrial Machinery,Pune +163 other locations
Cummins,"Cummins | Follow | 4.3 | (4.2k) | Industrial Machinery | Pune +122 other locations | Highly Rated For | Company Culture, Work Life Balance, Work Satisfaction | To view salary insights | Select designation | 4.2k | Reviews | 15.8k | Salaries | 305 | Interviews | 223 | Jobs | 473 | Benefits | 17 | Photos",4.3,15.8,Industrial Machinery,Pune +122 other locations
Publicis Sapient,"Publicis Sapient | Follow | 3.2 | (4.2k) | IT Services & Consulting | Bengaluru +47 other locations | Critically Rated For | Promotions, Job Security, Work Satisfaction | To view salary insights | Select designation | 4.2k | Reviews | 33.6k | Salaries | 724 | Interviews | 96 | Jobs | 422 | Benefits | 70 | Photos",3.2,33.6,IT Services & Consulting,Bengaluru +47 other locations
Kogta Financial India Limited,"Kogta Financial India Limited | Follow | 4.6 | (4.2k) | NBFC | Jaipur +261 other locations | Highly Rated For | Company Culture, Work Life Balance, Work Satisfaction | To view salary insights | Select designation | 4.2k | Reviews | 2.1k | Salaries | 252 | Interviews | 100 | Jobs | 40 | Benefits | 39 | Photos",4.6,2.1,NBFC,Jaipur +261 other locations
Grasim Industries,"Grasim Industries | Follow | 4.0 | (4.2k) | Building Material | Bharuch +279 other locations | Highly Rated For | Job Security, Work Life Balance, Skill Development | Critically Rated For | Promotions | To view salary insights | Select designation | 4.2k | Reviews | 13.7k | Salaries | 306 | Interviews | 2 | Jobs | 311 | Benefits | 17 | Photos",4.0,13.7,Building Material,Bharuch +279 other locations
Tata Communications,"Tata Communications | Follow | 3.8 | (4.2k) | Telecom | Pune +104 other locations | Highly Rated For | Work Life Balance | Critically Rated For | Promotions, Salary | To view salary insights | Select designation | 4.2k | Reviews | 24k | Salaries | 314 | Interviews | 257 | Jobs | 432 | Benefits | 13 | Photos",3.8,24.0,Telecom,Pune +104 other locations
Aditya Birla Sun Life Insurance,"Aditya Birla Sun Life Insurance | Follow | 4.0 | (4.2k) | Insurance | Mumbai +531 other locations | Highly Rated For | Work Life Balance, Company Culture, Skill Development | To view salary insights | Select designation | 4.2k | Reviews | 10.9k | Salaries | 198 | Interviews | -- | Jobs | 227 | Benefits | 23 | Photos",4.0,10.9,Insurance,Mumbai +531 other locations
Alembic Pharmaceuticals,Alembic Pharmaceuticals | Follow | 3.9 | (4.2k) | Pharma | Vadodara +193 other locations | Highly Rated For | Salary | To view salary insights | Select designation | 4.2k | Reviews | 15.8k | Salaries | 277 | Interviews | 63 | Jobs | 398 | Benefits | 9 | Photos,3.9,15.8,Pharma,Vadodara +193 other locations
Blinkit,"Blinkit | Follow | 3.8 | (4.1k) | Internet | Gurugram +194 other locations | Highly Rated For | Skill Development, Salary | Critically Rated For | Promotions | To view salary insights | Select designation | 4.1k | Reviews | 15.1k | Salaries | 433 | Interviews | 2 | Jobs | 260 | Benefits | 45 | Photos",3.8,15.1,Internet,Gurugram +194 other locations
Bank of America,"Bank of America | Follow | 4.1 | (4.1k) | Banking | Gurugram +43 other locations | Highly Rated For | Job Security, Work Life Balance, Company Culture | Critically Rated For | Promotions | To view salary insights | Select designation | 4.1k | Reviews | 30.9k | Salaries | 301 | Interviews | -- | Jobs | 427 | Benefits | -- | Photos",4.1,30.9,Banking,Gurugram +43 other locations
KPIT Technologies,"KPIT Technologies | Follow | 2.8 | (4.1k) | Software Product | Pune +45 other locations | Critically Rated For | Promotions, Job Security, Company Culture | To view salary insights | Select designation | 4.1k | Reviews | 24.8k | Salaries | 363 | Interviews | 33 | Jobs | 304 | Benefits | 17 | Photos",2.8,24.8,Software Product,Pune +45 other locations
Pidilite Industries,"Pidilite Industries | Follow | 4.2 | (4.2k) | Chemicals | Mumbai +327 other locations | AmbitionBox Award Winner'26 | Highly Rated For | Job Security, Work Life Balance, Company Culture | Critically Rated For | Promotions | To view salary insights | Select designation | 4.2k | Reviews | 12.4k | Salaries | 279 | Interviews | 6 | Jobs | 373 | Benefits | 5 | Photos",4.2,12.4,Chemicals,Mumbai +327 other locations
Kyndryl,"Kyndryl | Follow | 3.9 | (4.1k) | IT Services & Consulting | Bengaluru +47 other locations | AmbitionBox Award Winner'26 | Highly Rated For | Work Life Balance, Company Culture, Skill Development | Critically Rated For | Promotions | To view salary insights | Select designation | 4.1k | Reviews | 29.1k | Salaries | 248 | Interviews | 832 | Jobs | 194 | Benefits | 60 | Photos",3.9,29.1,IT Services & Consulting,Bengaluru +47 other locations
Aditya Birla Capital,Aditya Birla Capital | Follow | 3.8 | (4.1k) | NBFC | Mumbai +364 other locations | Critically Rated For | Promotions | To view salary insights | Select designation | 4.1k | Reviews | 14.7k | Salaries | 280 | Interviews | 125 | Jobs | 241 | Benefits | 32 | Photos,3.8,14.7,NBFC,Mumbai +364 other locations
American Express,"American Express | Follow | 4.1 | (4.1k) | Financial Services | Gurugram +54 other locations | Highly Rated For | Company Culture, Work Life Balance, Job Security | Critically Rated For | Promotions | To view salary insights | Select designation | 4.1k | Reviews | 26.5k | Salaries | 450 | Interviews | 281 | Jobs | 470 | Benefits | 10 | Photos",4.1,26.5,Financial Services,Gurugram +54 other locations
PNB MetLife,"PNB MetLife | Follow | 3.3 | (4.1k) | Insurance | New Delhi +444 other locations | Critically Rated For | Job Security, Company Culture, Work Satisfaction | To view salary insights | Select designation | 4.1k | Reviews | 8.6k | Salaries | 204 | Interviews | 1 | Jobs | 229 | Benefits | 18 | Photos",3.3,8.6,Insurance,New Delhi +444 other locations
JK Cement,"JK Cement | Follow | 4.0 | (4.1k) | Building Material | New Delhi +345 other locations | Highly Rated For | Salary, Company Culture, Work Life Balance | Critically Rated For | Promotions | To view salary insights | Select designation | 4.1k | Reviews | 10.5k | Salaries | 368 | Interviews | 3 | Jobs | 287 | Benefits | 29 | Photos",4.0,10.5,Building Material,New Delhi +345 other locations
Subros,"Subros | Follow | 3.7 | (4.1k) | Auto Components | Noida +91 other locations | Highly Rated For | Job Security, Skill Development | Critically Rated For | Salary, Promotions | To view salary insights | Select designation | 4.1k | Reviews | 12.9k | Salaries | 240 | Interviews | 1 | Jobs | 404 | Benefits | 23 | Photos",3.7,12.9,Auto Components,Noida +91 other locations
Escorts Kubota Limited,"Escorts Kubota Limited | Follow | 4.1 | (4.1k) | Industrial Machinery | Faridabad +166 other locations | Highly Rated For | Company Culture, Work Life Balance, Work Satisfaction | Critically Rated For | Promotions | To view salary insights | Select designation | 4.1k | Reviews | 14.2k | Salaries | 324 | Interviews | 12 | Jobs | 292 | Benefits | 27 | Photos",4.1,14.2,Industrial Machinery,Faridabad +166 other locations
Oyo Rooms,"Oyo Rooms | Follow | 3.0 | (4k) | Hospitality | Gurugram +126 other locations | Critically Rated For | Job Security, Company Culture, Work Satisfaction | To view salary insights | Select designation | 4k | Reviews | 12.9k | Salaries | 272 | Interviews | 183 | Jobs | 398 | Benefits | 14 | Photos",3.0,12.9,Hospitality,Gurugram +126 other locations
ADP Private Limited,"ADP Private Limited | Follow | 3.8 | (4k) | Software Product | Hyderabad +43 other locations | Highly Rated For | Job Security, Work Life Balance, Company Culture | Critically Rated For | Promotions, Salary | To view salary insights | Select designation | 4k | Reviews | 22.4k | Salaries | 309 | Interviews | 14 | Jobs | 479 | Benefits | 16 | Photos",3.8,22.4,Software Product,Hyderabad +43 other locations
Viatris,"Viatris | Follow | 4.1 | (4k) | Pharma | Hyderabad +83 other locations | Highly Rated For | Salary, Work Life Balance, Job Security | To view salary insights | Select designation | 4k | Reviews | 14.6k | Salaries | 174 | Interviews | 12 | Jobs | 515 | Benefits | 13 | Photos",4.1,14.6,Pharma,Hyderabad +83 other locations
PhonePe,"PhonePe | Follow | 3.9 | (4.1k) | FinTech | Bengaluru +427 other locations | AmbitionBox Award Winner'26 | Highly Rated For | Salary, Company Culture, Work Life Balance | To view salary insights | Select designation | 4.1k | Reviews | 14.8k | Salaries | 464 | Interviews | 33 | Jobs | 222 | Benefits | 12 | Photos",3.9,14.8,FinTech,Bengaluru +427 other locations
Maersk,"Maersk | Follow | 3.9 | (4k) | Logistics | Chennai +52 other locations | Highly Rated For | Work Life Balance, Company Culture | Critically Rated For | Promotions, Job Security | To view salary insights | Select designation | 4k | Reviews | 20.3k | Salaries | 257 | Interviews | 285 | Jobs | 448 | Benefits | 26 | Photos",3.9,20.3,Logistics,Chennai +52 other locations
Synechron,"Synechron | Follow | 3.4 | (4k) | IT Services & Consulting | Pune +33 other locations | Critically Rated For | Job Security, Promotions, Work Satisfaction | To view salary insights | Select designation | 4k | Reviews | 29.5k | Salaries | 423 | Interviews | 147 | Jobs | 269 | Benefits | 10 | Photos",3.4,29.5,IT Services & Consulting,Pune +33 other locations
XpressBees,"XpressBees | Follow | 4.1 | (4k) | Logistics | Pune +486 other locations | Highly Rated For | Work Life Balance, Work Satisfaction, Skill Development | To view salary insights | Select designation | 4k | Reviews | 8.4k | Salaries | 453 | Interviews | 5 | Jobs | 165 | Benefits | 28 | Photos",4.1,8.4,Logistics,Pune +486 other locations
Birlasoft,"Birlasoft | Follow | 3.4 | (4k) | IT Services & Consulting | Pune +52 other locations | Critically Rated For | Promotions, Salary, Company Culture | To view salary insights | Select designation | 4k | Reviews | 29.5k | Salaries | 325 | Interviews | 489 | Jobs | 264 | Benefits | 8 | Photos",3.4,29.5,IT Services & Consulting,Pune +52 other locations
Altruist Technologies,"Altruist Technologies | Follow | 4.3 | (4k) | BPO | Bengaluru +44 other locations | Highly Rated For | Work Life Balance, Job Security, Skill Development | To view salary insights | Select designation | 4k | Reviews | 8.5k | Salaries | 728 | Interviews | 3 | Jobs | 86 | Benefits | 6 | Photos",4.3,8.5,BPO,Bengaluru +44 other locations
Glenmark Pharmaceuticals,Glenmark Pharmaceuticals | Follow | 3.8 | (4k) | Pharma | Mumbai +199 other locations | Critically Rated For | Promotions | To view salary insights | Select designation | 4k | Reviews | 12.5k | Salaries | 209 | Interviews | 155 | Jobs | 347 | Benefits | 3 | Photos,3.8,12.5,Pharma,Mumbai +199 other locations
PVR INOX,PVR INOX | Follow | 3.8 | (4k) | Media & Entertainment | New Delhi +155 other locations | Critically Rated For | Promotions | To view salary insights | Select designation | 4k | Reviews | 9.7k | Salaries | 228 | Interviews | 17 | Jobs | 254 | Benefits | 5 | Photos,3.8,9.7,Media & Entertainment,New Delhi +155 other locations
Kotak Mahindra Life Insurance Company,"Kotak Mahindra Life Insurance Company | Follow | 3.4 | (3.9k) | Insurance | Mumbai +268 other locations | Critically Rated For | Promotions, Work Satisfaction, Company Culture | To view salary insights | Select designation | 3.9k | Reviews | 12.9k | Salaries | 273 | Interviews | 280 | Jobs | 276 | Benefits | 6 | Photos",3.4,12.9,Insurance,Mumbai +268 other locations
Bharat Electronics,"Bharat Electronics | Follow | 4.2 | (3.9k) | Electronics Manufacturing | Bengaluru +92 other locations | Highly Rated For | Work Life Balance, Company Culture, Work Satisfaction | Critically Rated For | Promotions | To view salary insights | Select designation | 3.9k | Reviews | 13k | Salaries | 265 | Interviews | -- | Jobs | 322 | Benefits | 1 | Photos",4.2,13.0,Electronics Manufacturing,Bengaluru +92 other locations
Sodexo,"Sodexo | Follow | 4.0 | (3.9k) | Hospitality | Mumbai +165 other locations | AmbitionBox Award Winner'26 | Highly Rated For | Work Life Balance, Company Culture, Work Satisfaction | Critically Rated For | Promotions | To view salary insights | Select designation | 3.9k | Reviews | 10.4k | Salaries | 222 | Interviews | 1.7k | Jobs | 376 | Benefits | 28 | Photos",4.0,10.4,Hospitality,Mumbai +165 other locations
UNO Minda,"UNO Minda | Follow | 3.9 | (3.9k) | Auto Components | Pune +117 other locations | Highly Rated For | Job Security, Company Culture, Skill Development | Critically Rated For | Promotions | To view salary insights | Select designation | 3.9k | Reviews | 12.1k | Salaries | 292 | Interviews | 125 | Jobs | 323 | Benefits | 7 | Photos",3.9,12.1,Auto Components,Pune +117 other locations
ArcelorMittal Nippon Steel India,"ArcelorMittal Nippon Steel India | Follow | 4.1 | (3.9k) | Manufacturing | Surat +95 other locations | AmbitionBox Award Winner'26 | Highly Rated For | Work Life Balance, Job Security, Company Culture | To view salary insights | Select designation | 3.9k | Reviews | 13.5k | Salaries | 292 | Interviews | 292 | Jobs | 142 | Benefits | 6 | Photos",4.1,13.5,Manufacturing,Surat +95 other locations
Cogent E Services,"Cogent E Services | Follow | 3.1 | (3.9k) | BPO | Noida +62 other locations | Critically Rated For | Salary, Company Culture, Work Satisfaction | To view salary insights | Select designation | 3.9k | Reviews | 10.5k | Salaries | 304 | Interviews | 2 | Jobs | 226 | Benefits | 15 | Photos",3.1,10.5,BPO,Noida +62 other locations
Dabur,Dabur | Follow | 3.8 | (3.9k) | FMCG | New Delhi +327 other locations | Highly Rated For | Salary | Critically Rated For | Promotions | To view salary insights | Select designation | 3.9k | Reviews | 9.3k | Salaries | 358 | Interviews | 35 | Jobs | 288 | Benefits | 5 | Photos,3.8,9.3,FMCG,New Delhi +327 other locations
Reliance Communications,"Reliance Communications | Follow | 4.0 | (3.9k) | Telecom | Mumbai +478 other locations | Highly Rated For | Skill Development, Company Culture, Work Life Balance | Critically Rated For | Promotions | To view salary insights | Select designation | 3.9k | Reviews | 9.5k | Salaries | 111 | Interviews | -- | Jobs | 359 | Benefits | 1 | Photos",4.0,9.5,Telecom,Mumbai +478 other locations
Godrej & Boyce Manufacturing,Godrej & Boyce Manufacturing | Follow | 3.8 | (3.8k) | Consumer Electronics & Appliances | Mumbai +180 other locations | AmbitionBox Award Winner'26 | Highly Rated For | Job Security | Critically Rated For | Promotions | To view salary insights | Select designation | 3.8k | Reviews | 15.3k | Salaries | 251 | Interviews | 24 | Jobs | 413 | Benefits | 4 | Photos,3.8,15.3,Consumer Electronics & Appliances,Mumbai +180 other locations
Aarti Industries,"Aarti Industries | Follow | 4.1 | (3.8k) | Agro Chemicals | Bharuch +61 other locations | Highly Rated For | Work Life Balance, Job Security, Company Culture | To view salary insights | Select designation | 3.8k | Reviews | 14.6k | Salaries | 346 | Interviews | 65 | Jobs | 371 | Benefits | 6 | Photos",4.1,14.6,Agro Chemicals,Bharuch +61 other locations
Abbott,"Abbott | Follow | 4.1 | (3.8k) | Pharma | Mumbai +218 other locations | Highly Rated For | Company Culture, Work Life Balance, Skill Development | Critically Rated For | Promotions | To view salary insights | Select designation | 3.8k | Reviews | 12.3k | Salaries | 196 | Interviews | 194 | Jobs | 376 | Benefits | 8 | Photos",4.1,12.3,Pharma,Mumbai +218 other locations
Ipca Laboratories,"Ipca Laboratories | Follow | 3.8 | (3.8k) | Pharma | Mumbai +167 other locations | Highly Rated For | Job Security, Work Life Balance | Critically Rated For | Promotions, Salary | To view salary insights | Select designation | 3.8k | Reviews | 11.8k | Salaries | 231 | Interviews | 41 | Jobs | 257 | Benefits | 4 | Photos",3.8,11.8,Pharma,Mumbai +167 other locations
MRF Tyres,"MRF Tyres | Follow | 3.6 | (3.8k) | Auto Components | Chennai +198 other locations | Critically Rated For | Company Culture, Work Satisfaction, Work Life Balance | To view salary insights | Select designation | 3.8k | Reviews | 13.2k | Salaries | 402 | Interviews | 16 | Jobs | 360 | Benefits | 9 | Photos",3.6,13.2,Auto Components,Chennai +198 other locations
Samvardhana Motherson Group,"Samvardhana Motherson Group | Follow | 3.7 | (3.7k) | Auto Components | Noida +98 other locations | Highly Rated For | Job Security | Critically Rated For | Promotions, Company Culture, Work Satisfaction | To view salary insights | Select designation | 3.7k | Reviews | 12k | Salaries | 267 | Interviews | 27 | Jobs | 420 | Benefits | 11 | Photos",3.7,12.0,Auto Components,Noida +98 other locations
Reliance Digital,"Reliance Digital | Follow | 4.1 | (3.7k) | Retail | Mumbai +392 other locations | Highly Rated For | Skill Development, Job Security, Company Culture | To view salary insights | Select designation | 3.7k | Reviews | 8.4k | Salaries | 192 | Interviews | -- | Jobs | 262 | Benefits | 28 | Photos",4.1,8.4,Retail,Mumbai +392 other locations
IGT Solutions,"IGT Solutions | Follow | 3.1 | (3.7k) | BPO | New Delhi +48 other locations | Critically Rated For | Promotions, Salary, Work Satisfaction | To view salary insights | Select designation | 3.7k | Reviews | 13.9k | Salaries | 264 | Interviews | 174 | Jobs | 232 | Benefits | 14 | Photos",3.1,13.9,BPO,New Delhi +48 other locations
Indian Oil Corporation,"Indian Oil Corporation | Follow | 4.3 | (3.7k) | Oil & Gas | New Delhi +322 other locations | Highly Rated For | Company Culture, Work Life Balance, Work Satisfaction | To view salary insights | Select designation | 3.7k | Reviews | 8k | Salaries | 253 | Interviews | -- | Jobs | 310 | Benefits | 37 | Photos",4.3,8.0,Oil & Gas,New Delhi +322 other locations
Tata Electronics,"Tata Electronics | Follow | 3.8 | (3.7k) | Semiconductors | Hosur +69 other locations | Highly Rated For | Job Security | Critically Rated For | Promotions, Salary | To view salary insights | Select designation | 3.7k | Reviews | 14.6k | Salaries | 319 | Interviews | 45 | Jobs | 146 | Benefits | 7 | Photos",3.8,14.6,Semiconductors,Hosur +69 other locations
Reliance Projects & Property Management Services,"Reliance Projects & Property Management Services | Follow | 4.0 | (3.7k) | Other | Kolkata +640 other locations | Highly Rated For | Job Security, Skill Development, Company Culture | Critically Rated For | Promotions | To view salary insights | Select designation | 3.7k | Reviews | 7.7k | Salaries | 221 | Interviews | -- | Jobs | 38 | Benefits | 8 | Photos",4.0,7.7,Other,Kolkata +640 other locations
Alkem Laboratories,"Alkem Laboratories | Follow | 3.9 | (3.7k) | Pharma | Mumbai +206 other locations | Highly Rated For | Work Life Balance, Salary | To view salary insights | Select designation | 3.7k | Reviews | 10.3k | Salaries | 210 | Interviews | 60 | Jobs | 330 | Benefits | 2 | Photos",3.9,10.3,Pharma,Mumbai +206 other locations
TVS Credit Services Ltd,"TVS Credit Services Ltd | Follow | 4.1 | (3.7k) | NBFC | Chennai +464 other locations | AmbitionBox Award Winner'26 | Highly Rated For | Salary, Company Culture, Work Life Balance | To view salary insights | Select designation | 3.7k | Reviews | 7.8k | Salaries | 179 | Interviews | 48 | Jobs | 204 | Benefits | 13 | Photos",4.1,7.8,NBFC,Chennai +464 other locations
Vishal Mega Mart,Vishal Mega Mart | Follow | 3.7 | (3.7k) | Retail | New Delhi +398 other locations | Highly Rated For | Salary | To view salary insights | Select designation | 3.7k | Reviews | 6.4k | Salaries | 230 | Interviews | 2 | Jobs | 281 | Benefits | 13 | Photos,3.7,6.4,Retail,New Delhi +398 other locations
"NTT DATA, Inc.","NTT DATA, Inc. | Follow | 3.9 | (3.7k) | IT Services & Consulting | Bengaluru +41 other locations | AmbitionBox Award Winner'26 | Highly Rated For | Work Life Balance, Job Security, Company Culture | Critically Rated For | Promotions | To view salary insights | Select designation | 3.7k | Reviews | 21k | Salaries | 163 | Interviews | 135 | Jobs | 269 | Benefits | 7 | Photos",3.9,21.0,IT Services & Consulting,Bengaluru +41 other locations
Sagility,"Sagility | Follow | 3.9 | (3.7k) | BPO | Bengaluru +31 other locations | Highly Rated For | Job Security, Company Culture, Work Life Balance | Critically Rated For | Salary, Promotions | To view salary insights | Select designation | 3.7k | Reviews | 14.4k | Salaries | 317 | Interviews | 67 | Jobs | 144 | Benefits | 85 | Photos",3.9,14.4,BPO,Bengaluru +31 other locations
Honda Motorcycle & Scooter,"Honda Motorcycle & Scooter | Follow | 4.1 | (3.7k) | Automobile | Gurugram +311 other locations | AmbitionBox Award Winner'26 | Highly Rated For | Job Security, Work Life Balance, Company Culture | Critically Rated For | Promotions | To view salary insights | Select designation | 3.7k | Reviews | 11.4k | Salaries | 220 | Interviews | 13 | Jobs | 352 | Benefits | 9 | Photos",4.1,11.4,Automobile,Gurugram +311 other locations
Johnson Controls,"Johnson Controls | Follow | 3.6 | (3.7k) | Industrial Automation | Pune +61 other locations | Critically Rated For | Promotions, Work Satisfaction, Job Security | To view salary insights | Select designation | 3.7k | Reviews | 18.1k | Salaries | 315 | Interviews | -- | Jobs | 279 | Benefits | 28 | Photos",3.6,18.1,Industrial Automation,Pune +61 other locations
Barclays,"Barclays | Follow | 3.7 | (3.6k) | Banking | Pune +39 other locations | Critically Rated For | Promotions, Work Satisfaction, Skill Development | To view salary insights | Select designation | 3.6k | Reviews | 35.3k | Salaries | 336 | Interviews | -- | Jobs | 280 | Benefits | 28 | Photos",3.7,35.3,Banking,Pune +39 other locations
ABB,"ABB | Follow | 4.0 | (3.6k) | Industrial Machinery | Bengaluru +113 other locations | Highly Rated For | Job Security, Company Culture, Work Life Balance | Critically Rated For | Promotions | To view salary insights | Select designation | 3.6k | Reviews | 19.4k | Salaries | 336 | Interviews | 473 | Jobs | 398 | Benefits | 6 | Photos",4.0,19.4,Industrial Machinery,Bengaluru +113 other locations
[24]7.ai,"[24]7.ai | Follow | 3.4 | (3.6k) | Hospitality | Bengaluru +37 other locations | Critically Rated For | Promotions, Salary, Work Satisfaction | To view salary insights | Select designation | 3.6k | Reviews | 11.7k | Salaries | 207 | Interviews | 59 | Jobs | 425 | Benefits | 10 | Photos",3.4,11.7,Hospitality,Bengaluru +37 other locations
DTDC Express,"DTDC Express | Follow | 3.7 | (3.6k) | Logistics | New Delhi +283 other locations | Critically Rated For | Promotions, Company Culture, Work Satisfaction | To view salary insights | Select designation | 3.6k | Reviews | 9k | Salaries | 213 | Interviews | 28 | Jobs | 271 | Benefits | 3 | Photos",3.7,9.0,Logistics,New Delhi +283 other locations
Hindustan Coca Cola Beverages,"Hindustan Coca Cola Beverages | Follow | 4.0 | (3.6k) | Beverage | Bengaluru +272 other locations | AmbitionBox Award Winner'26 | Highly Rated For | Salary, Skill Development, Job Security | Critically Rated For | Promotions | To view salary insights | Select designation | 3.6k | Reviews | 8.1k | Salaries | 199 | Interviews | 89 | Jobs | 389 | Benefits | 4 | Photos",4.0,8.1,Beverage,Bengaluru +272 other locations
RSPL Group,"RSPL Group | Follow | 4.0 | (3.6k) | FMCG | Kanpur +267 other locations | AmbitionBox Award Winner'26 | Highly Rated For | Job Security, Work Life Balance, Company Culture | Critically Rated For | Promotions | To view salary insights | Select designation | 3.6k | Reviews | 10.1k | Salaries | 282 | Interviews | 105 | Jobs | 313 | Benefits | 8 | Photos",4.0,10.1,FMCG,Kanpur +267 other locations
Bajaj General Insurance Limited,"Bajaj General Insurance Limited | Follow | 3.6 | (3.6k) | Insurance | Pune +311 other locations | Critically Rated For | Promotions, Work Life Balance, Work Satisfaction | To view salary insights | Select designation | 3.6k | Reviews | 11.1k | Salaries | 149 | Interviews | 17 | Jobs | 253 | Benefits | 9 | Photos",3.6,11.1,Insurance,Pune +311 other locations
AGS Health,"AGS Health | Follow | 3.9 | (3.6k) | Analytics & KPO | Chennai +66 other locations | Highly Rated For | Company Culture, Job Security, Work Life Balance | Critically Rated For | Promotions | To view salary insights | Select designation | 3.6k | Reviews | 15.6k | Salaries | 227 | Interviews | 71 | Jobs | 304 | Benefits | -- | Photos",3.9,15.6,Analytics & KPO,Chennai +66 other locations
UBS,"UBS | Follow | 3.7 | (3.6k) | Financial Services | Pune +23 other locations | Highly Rated For | Work Life Balance | Critically Rated For | Promotions, Job Security, Work Satisfaction | To view salary insights | Select designation | 3.6k | Reviews | 32.4k | Salaries | 383 | Interviews | -- | Jobs | 135 | Benefits | 11 | Photos",3.7,32.4,Financial Services,Pune +23 other locations
IndusInd Nippon Life Insurance,"IndusInd Nippon Life Insurance | Follow | 3.3 | (3.6k) | Mumbai +504 other locations | Critically Rated For | Job Security, Work Satisfaction, Company Culture | To view salary insights | Select designation | 3.6k | Reviews | 8.1k | Salaries | 175 | Interviews | 14 | Jobs | 223 | Benefits | 14 | Photos",3.3,8.1,Mumbai +504 other locations,Critically Rated For
Ceat Tyres,"Ceat Tyres | Follow | 3.9 | (3.6k) | Auto Components | Nagpur +147 other locations | Highly Rated For | Job Security, Company Culture, Skill Development | Critically Rated For | Promotions, Salary | To view salary insights | Select designation | 3.6k | Reviews | 13.2k | Salaries | 218 | Interviews | 47 | Jobs | 357 | Benefits | 8 | Photos",3.9,13.2,Auto Components,Nagpur +147 other locations
NatWest Group,"NatWest Group | Follow | 3.9 | (3.5k) | Banking | Gurugram +33 other locations | Highly Rated For | Work Life Balance, Job Security, Company Culture | Critically Rated For | Promotions, Salary | To view salary insights | Select designation | 3.5k | Reviews | 22.3k | Salaries | 248 | Interviews | 6 | Jobs | 385 | Benefits | 11 | Photos",3.9,22.3,Banking,Gurugram +33 other locations
Croma,Croma | Follow | 3.8 | (3.5k) | Retail | Mumbai +201 other locations | Highly Rated For | Work Life Balance | Critically Rated For | Promotions | To view salary insights | Select designation | 3.5k | Reviews | 10.1k | Salaries | 202 | Interviews | 49 | Jobs | 211 | Benefits | 11 | Photos,3.8,10.1,Retail,Mumbai +201 other locations
Alstom Transportation,"Alstom Transportation | Follow | 3.7 | (3.5k) | Engineering & Construction | Bengaluru +87 other locations | Highly Rated For | Job Security | Critically Rated For | Promotions, Company Culture, Work Satisfaction | To view salary insights | Select designation | 3.5k | Reviews | 16.2k | Salaries | 297 | Interviews | 175 | Jobs | 199 | Benefits | 8 | Photos",3.7,16.2,Engineering & Construction,Bengaluru +87 other locations
Ford Motor,"Ford Motor | Follow | 4.2 | (3.5k) | Automobile | Chennai +135 other locations | Highly Rated For | Company Culture, Work Life Balance, Salary | Critically Rated For | Promotions | To view salary insights | Select designation | 3.5k | Reviews | 15.7k | Salaries | 183 | Interviews | 3 | Jobs | 409 | Benefits | 12 | Photos",4.2,15.7,Automobile,Chennai +135 other locations
Niva Bupa Health Insurance Company,"Niva Bupa Health Insurance Company | Follow | 3.9 | (3.5k) | Insurance | New Delhi +334 other locations | Highly Rated For | Work Life Balance, Job Security, Salary | To view salary insights | Select designation | 3.5k | Reviews | 9.1k | Salaries | 392 | Interviews | 238 | Jobs | 143 | Benefits | 13 | Photos",3.9,9.1,Insurance,New Delhi +334 other locations
InterGlobe Aviation,"InterGlobe Aviation | Follow | 3.4 | (3.5k) | Aviation | New Delhi +105 other locations | Critically Rated For | Promotions, Salary, Work Life Balance | To view salary insights | Select designation | 3.5k | Reviews | 14.2k | Salaries | 390 | Interviews | 29 | Jobs | 328 | Benefits | 5 | Photos",3.4,14.2,Aviation,New Delhi +105 other locations
HARMAN,"HARMAN | Follow | 3.8 | (3.5k) | Consumer Electronics & Appliances | Bengaluru +43 other locations | Highly Rated For | Work Life Balance, Company Culture | Critically Rated For | Promotions | To view salary insights | Select designation | 3.5k | Reviews | 24.2k | Salaries | 304 | Interviews | 122 | Jobs | 114 | Benefits | 3 | Photos",3.8,24.2,Consumer Electronics & Appliances,Bengaluru +43 other locations
Jindal Stainless,"Jindal Stainless | Follow | 4.1 | (3.5k) | Iron & Steel | Jajpur +81 other locations | Highly Rated For | Job Security, Work Life Balance, Skill Development | To view salary insights | Select designation | 3.5k | Reviews | 12.3k | Salaries | 348 | Interviews | 140 | Jobs | 220 | Benefits | 13 | Photos",4.1,12.3,Iron & Steel,Jajpur +81 other locations
Conduent,"Conduent | Follow | 3.4 | (3.5k) | BPO | Bengaluru +38 other locations | Critically Rated For | Promotions, Salary, Skill Development | To view salary insights | Select designation | 3.5k | Reviews | 17.4k | Salaries | 251 | Interviews | 207 | Jobs | 383 | Benefits | 10 | Photos",3.4,17.4,BPO,Bengaluru +38 other locations
Tata Technologies,"Tata Technologies | Follow | 3.4 | (3.5k) | Automobile | Pune +65 other locations | Critically Rated For | Promotions, Salary, Work Satisfaction | To view salary insights | Select designation | 3.5k | Reviews | 23.9k | Salaries | 323 | Interviews | 331 | Jobs | 328 | Benefits | 14 | Photos",3.4,23.9,Automobile,Pune +65 other locations
Tata AutoComp Systems,"Tata AutoComp Systems | Follow | 3.6 | (3.4k) | Auto Components | Pune +88 other locations | Highly Rated For | Job Security | Critically Rated For | Promotions, Salary, Company Culture | To view salary insights | Select designation | 3.4k | Reviews | 12.1k | Salaries | 231 | Interviews | 99 | Jobs | 197 | Benefits | 5 | Photos",3.6,12.1,Auto Components,Pune +88 other locations
Tata AIG,"Tata AIG | Follow | 3.9 | (3.4k) | Insurance | Mumbai +266 other locations | Highly Rated For | Job Security, Company Culture, Work Life Balance | Critically Rated For | Promotions | To view salary insights | Select designation | 3.4k | Reviews | 12.4k | Salaries | 205 | Interviews | 48 | Jobs | 250 | Benefits | 6 | Photos",3.9,12.4,Insurance,Mumbai +266 other locations
GeBBS Healthcare Solutions,"GeBBS Healthcare Solutions | Follow | 3.8 | (3.4k) | BPO | Mumbai +28 other locations | Highly Rated For | Job Security | Critically Rated For | Promotions, Salary | To view salary insights | Select designation | 3.4k | Reviews | 11.5k | Salaries | 192 | Interviews | 69 | Jobs | 305 | Benefits | 11 | Photos",3.8,11.5,BPO,Mumbai +28 other locations
Indian Air Force,"Indian Air Force | Follow | 4.6 | (3.4k) | Defence & Aerospace | New Delhi +138 other locations | Highly Rated For | Job Security, Skill Development, Salary | To view salary insights | Select designation | 3.4k | Reviews | 5.5k | Salaries | 90 | Interviews | 2 | Jobs | 361 | Benefits | -- | Photos",4.6,5.5,Defence & Aerospace,New Delhi +138 other locations
Canara HSBC Life Insurance,"Canara HSBC Life Insurance | Follow | 4.1 | (3.4k) | Insurance | Gurugram +374 other locations | Highly Rated For | Work Life Balance, Salary, Company Culture | To view salary insights | Select designation | 3.4k | Reviews | 6.5k | Salaries | 581 | Interviews | 10 | Jobs | 182 | Benefits | 10 | Photos",4.1,6.5,Insurance,Gurugram +374 other locations
PepsiCo,"PepsiCo | Follow | 4.0 | (3.4k) | Food Processing | Hyderabad +294 other locations | AmbitionBox Award Winner'26 | Highly Rated For | Company Culture, Work Life Balance, Job Security | Critically Rated For | Promotions | To view salary insights | Select designation | 3.4k | Reviews | 14.8k | Salaries | 263 | Interviews | 262 | Jobs | 276 | Benefits | 19 | Photos",4.0,14.8,Food Processing,Hyderabad +294 other locations
Max Healthcare,"Max Healthcare | Follow | 4.0 | (3.4k) | Healthcare | New Delhi +79 other locations | Highly Rated For | Skill Development, Job Security, Company Culture | Critically Rated For | Promotions | To view salary insights | Select designation | 3.4k | Reviews | 10.8k | Salaries | 211 | Interviews | 115 | Jobs | 306 | Benefits | 26 | Photos",4.0,10.8,Healthcare,New Delhi +79 other locations
UPL,"UPL | Follow | 4.1 | (3.4k) | Agro Chemicals | Ankleshwar +193 other locations | Highly Rated For | Job Security, Work Life Balance, Skill Development | Critically Rated For | Promotions | To view salary insights | Select designation | 3.4k | Reviews | 11.3k | Salaries | 237 | Interviews | 49 | Jobs | 303 | Benefits | 2 | Photos",4.1,11.3,Agro Chemicals,Ankleshwar +193 other locations
Mankind Pharma,Mankind Pharma | Follow | 3.8 | (3.3k) | Pharma | New Delhi +257 other locations | Highly Rated For | Salary | Critically Rated For | Promotions | To view salary insights | Select designation | 3.3k | Reviews | 10k | Salaries | 273 | Interviews | 15 | Jobs | 267 | Benefits | 15 | Photos,3.8,10.0,Pharma,New Delhi +257 other locations
Titan Company,"Titan Company | Follow | 4.2 | (3.3k) | Retail | Bengaluru +191 other locations | AmbitionBox Award Winner'26 | Highly Rated For | Company Culture, Job Security, Work Life Balance | Critically Rated For | Promotions | To view salary insights | Select designation | 3.3k | Reviews | 10.2k | Salaries | 226 | Interviews | 119 | Jobs | 354 | Benefits | 16 | Photos",4.2,10.2,Retail,Bengaluru +191 other locations
Quest Global,"Quest Global | Follow | 3.5 | (3.3k) | IT Services & Consulting | Bengaluru +52 other locations | Critically Rated For | Promotions, Salary, Work Satisfaction | To view salary insights | Select designation | 3.3k | Reviews | 22.8k | Salaries | 383 | Interviews | 249 | Jobs | 215 | Benefits | -- | Photos",3.5,22.8,IT Services & Consulting,Bengaluru +52 other locations
MSN Laboratories,"MSN Laboratories | Follow | 3.6 | (3.3k) | Pharma | Hyderabad +112 other locations | Highly Rated For | Job Security | Critically Rated For | Company Culture, Work Satisfaction, Work Life Balance | To view salary insights | Select designation | 3.3k | Reviews | 10.2k | Salaries | 187 | Interviews | 23 | Jobs | 169 | Benefits | 7 | Photos",3.6,10.2,Pharma,Hyderabad +112 other locations
Varroc Group,"Varroc Group | Follow | 3.6 | (3.3k) | Auto Components | Pune +65 other locations | Critically Rated For | Promotions, Job Security, Company Culture | To view salary insights | Select designation | 3.3k | Reviews | 9.9k | Salaries | 233 | Interviews | 32 | Jobs | 259 | Benefits | 5 | Photos",3.6,9.9,Auto Components,Pune +65 other locations
Amazon Transportation Services,"Amazon Transportation Services | Follow | 4.2 | (3.3k) | Logistics | Hyderabad +236 other locations | Highly Rated For | Company Culture, Skill Development, Salary | To view salary insights | Select designation | 3.3k | Reviews | 8.8k | Salaries | 268 | Interviews | -- | Jobs | 259 | Benefits | 27 | Photos",4.2,8.8,Logistics,Hyderabad +236 other locations
Societe Generale Global Solution Centre,"Societe Generale Global Solution Centre | Follow | 3.6 | (3.3k) | IT Services & Consulting | Bengaluru +26 other locations | Highly Rated For | Work Life Balance, Job Security | Critically Rated For | Promotions, Salary, Work Satisfaction | To view salary insights | Select designation | 3.3k | Reviews | 23.8k | Salaries | 309 | Interviews | 13 | Jobs | 308 | Benefits | -- | Photos",3.6,23.8,IT Services & Consulting,Bengaluru +26 other locations
Ambuja Cements,"Ambuja Cements | Follow | 3.8 | (3.3k) | Building Material | Ahmedabad +307 other locations | Critically Rated For | Promotions, Job Security | To view salary insights | Select designation | 3.3k | Reviews | 8.9k | Salaries | 262 | Interviews | 28 | Jobs | 313 | Benefits | 6 | Photos",3.8,8.9,Building Material,Ahmedabad +307 other locations
Dilip Buildcon,"Dilip Buildcon | Follow | 3.8 | (3.3k) | Engineering & Construction | Bhopal +238 other locations | Highly Rated For | Salary | Critically Rated For | Promotions, Job Security | To view salary insights | Select designation | 3.3k | Reviews | 8k | Salaries | 201 | Interviews | 14 | Jobs | 304 | Benefits | 26 | Photos",3.8,8.0,Engineering & Construction,Bhopal +238 other locations
IDFC FIRST Bharat,"IDFC FIRST Bharat | Follow | 4.1 | (3.3k) | Financial Services | Chennai +475 other locations | Highly Rated For | Work Life Balance, Skill Development, Salary | To view salary insights | Select designation | 3.3k | Reviews | 5.3k | Salaries | 172 | Interviews | 5 | Jobs | 99 | Benefits | 2 | Photos",4.1,5.3,Financial Services,Chennai +475 other locations
Walmart,"Walmart | Follow | 3.4 | (3.3k) | Retail | Bengaluru +97 other locations | Critically Rated For | Promotions, Work Satisfaction, Job Security | To view salary insights | Select designation | 3.3k | Reviews | 25.4k | Salaries | 455 | Interviews | 221 | Jobs | 329 | Benefits | 12 | Photos",3.4,25.4,Retail,Bengaluru +97 other locations
Afcons Infrastructure,"Afcons Infrastructure | Follow | 4.2 | (3.3k) | Engineering & Construction | Mumbai +130 other locations | Highly Rated For | Job Security, Skill Development, Company Culture | To view salary insights | Select designation | 3.3k | Reviews | 8.8k | Salaries | 286 | Interviews | 51 | Jobs | 331 | Benefits | 15 | Photos",4.2,8.8,Engineering & Construction,Mumbai +130 other locations
S&P Global,"S&P Global | Follow | 3.9 | (3.3k) | Analytics & KPO | Hyderabad +50 other locations | Highly Rated For | Work Life Balance, Company Culture | Critically Rated For | Promotions | To view salary insights | Select designation | 3.3k | Reviews | 21.7k | Salaries | 345 | Interviews | 102 | Jobs | 237 | Benefits | 2 | Photos",3.9,21.7,Analytics & KPO,Hyderabad +50 other locations
Zepto,"Zepto | Follow | 3.6 | (3.3k) | Internet | Bengaluru +115 other locations | Critically Rated For | Job Security, Promotions, Company Culture | To view salary insights | Select designation | 3.3k | Reviews | 12k | Salaries | 507 | Interviews | 29 | Jobs | 78 | Benefits | 17 | Photos",3.6,12.0,Internet,Bengaluru +115 other locations
Allcargo Logistics,Allcargo Logistics | Follow | 3.8 | (3.3k) | Logistics | Mumbai +177 other locations | Highly Rated For | Work Life Balance | Critically Rated For | Promotions | To view salary insights | Select designation | 3.3k | Reviews | 6.8k | Salaries | 144 | Interviews | 15 | Jobs | 337 | Benefits | 10 | Photos,3.8,6.8,Logistics,Mumbai +177 other locations
ESAF Small Finance Bank,"ESAF Small Finance Bank | Follow | 3.6 | (3.3k) | Banking | Thrissur +476 other locations | Critically Rated For | Promotions, Work Satisfaction, Company Culture | To view salary insights | Select designation | 3.3k | Reviews | 8.2k | Salaries | 188 | Interviews | 6 | Jobs | 118 | Benefits | 23 | Photos",3.6,8.2,Banking,Thrissur +476 other locations
DS Group,"DS Group | Follow | 4.0 | (3.3k) | FMCG | Noida +304 other locations | AmbitionBox Award Winner'26 | Highly Rated For | Work Life Balance, Job Security, Salary | Critically Rated For | Promotions | To view salary insights | Select designation | 3.3k | Reviews | 8.2k | Salaries | 246 | Interviews | 34 | Jobs | 235 | Benefits | 7 | Photos",4.0,8.2,FMCG,Noida +304 other locations
Torrent Pharmaceuticals,"Torrent Pharmaceuticals | Follow | 4.0 | (3.3k) | Pharma | Ahmedabad +139 other locations | AmbitionBox Award Winner'26 | Highly Rated For | Job Security, Work Life Balance, Company Culture | Critically Rated For | Promotions, Salary | To view salary insights | Select designation | 3.3k | Reviews | 10.5k | Salaries | 195 | Interviews | 32 | Jobs | 349 | Benefits | 3 | Photos",4.0,10.5,Pharma,Ahmedabad +139 other locations
Bharat Financial Inclusion,"Bharat Financial Inclusion | Follow | 3.7 | (3.3k) | Financial Services | Hyderabad +541 other locations | Highly Rated For | Salary | Critically Rated For | Promotions, Work Satisfaction | To view salary insights | Select designation | 3.3k | Reviews | 5.6k | Salaries | 132 | Interviews | 4 | Jobs | 187 | Benefits | 30 | Photos",3.7,5.6,Financial Services,Hyderabad +541 other locations
Suzlon Group,"Suzlon Group | Follow | 4.0 | (3.2k) | Power | Pune +152 other locations | AmbitionBox Award Winner'26 | Highly Rated For | Job Security, Skill Development, Company Culture | Critically Rated For | Promotions, Salary | To view salary insights | Select designation | 3.2k | Reviews | 7.7k | Salaries | 195 | Interviews | 32 | Jobs | 340 | Benefits | 5 | Photos",4.0,7.7,Power,Pune +152 other locations
Tata Elxsi,"Tata Elxsi | Follow | 3.4 | (3.2k) | IT Services & Consulting | Bengaluru +32 other locations | Critically Rated For | Promotions, Salary, Work Satisfaction | To view salary insights | Select designation | 3.2k | Reviews | 24.7k | Salaries | 350 | Interviews | 82 | Jobs | 222 | Benefits | 8 | Photos",3.4,24.7,IT Services & Consulting,Bengaluru +32 other locations
Indus Towers,"Indus Towers | Follow | 3.6 | (3.2k) | Telecom | Gurugram +252 other locations | Critically Rated For | Promotions, Job Security, Work Life Balance | To view salary insights | Select designation | 3.2k | Reviews | 9.7k | Salaries | 248 | Interviews | 52 | Jobs | 234 | Benefits | 11 | Photos",3.6,9.7,Telecom,Gurugram +252 other locations
Eternal Limited,"Eternal Limited | Follow | 3.5 | (3.2k) | Internet | Gurugram +226 other locations | Critically Rated For | Job Security, Promotions, Work Life Balance | To view salary insights | Select designation | 3.2k | Reviews | 15.9k | Salaries | 381 | Interviews | 16 | Jobs | 235 | Benefits | 12 | Photos",3.5,15.9,Internet,Gurugram +226 other locations
Zensar Technologies,"Zensar Technologies | Follow | 3.5 | (3.2k) | IT Services & Consulting | Pune +30 other locations | Critically Rated For | Promotions, Job Security, Work Satisfaction | To view salary insights | Select designation | 3.2k | Reviews | 26k | Salaries | 292 | Interviews | 331 | Jobs | 258 | Benefits | 26 | Photos",3.5,26.0,IT Services & Consulting,Pune +30 other locations
Fujitsu,"Fujitsu | Follow | 3.8 | (3.1k) | IT Services & Consulting | Pune +42 other locations | Highly Rated For | Work Life Balance | Critically Rated For | Promotions, Salary | To view salary insights | Select designation | 3.1k | Reviews | 17.8k | Salaries | 215 | Interviews | 109 | Jobs | 209 | Benefits | 19 | Photos",3.8,17.8,IT Services & Consulting,Pune +42 other locations
Marpu Foundation,"Marpu Foundation | Follow | 4.9 | (3.1k) | Non-Profit | Hyderabad +61 other locations | Highly Rated For | Company Culture, Work Life Balance, Work Satisfaction | To view salary insights | Select designation | 3.1k | Reviews | 61 | Salaries | 266 | Interviews | -- | Jobs | 8 | Benefits | 5 | Photos",4.9,61.0,Non-Profit,Hyderabad +61 other locations
VVDN Technologies,"VVDN Technologies | Follow | 3.6 | (3.1k) | IT Services & Consulting | Gurugram +52 other locations | Critically Rated For | Promotions, Salary, Company Culture | To view salary insights | Select designation | 3.1k | Reviews | 14.6k | Salaries | 275 | Interviews | 19 | Jobs | 138 | Benefits | 12 | Photos",3.6,14.6,IT Services & Consulting,Gurugram +52 other locations
HDFC Sales,"HDFC Sales | Follow | 3.9 | (3.1k) | Financial Services | Mumbai +361 other locations | Highly Rated For | Company Culture, Work Life Balance, Skill Development | Critically Rated For | Promotions, Salary | To view salary insights | Select designation | 3.1k | Reviews | 8.2k | Salaries | 203 | Interviews | 30 | Jobs | 192 | Benefits | 2 | Photos",3.9,8.2,Financial Services,Mumbai +361 other locations
Yazaki,Yazaki | Follow | 3.9 | (3.1k) | Auto Components | Pune +95 other locations | Highly Rated For | Job Security | Critically Rated For | Promotions | To view salary insights | Select designation | 3.1k | Reviews | 9.5k | Salaries | 207 | Interviews | 27 | Jobs | 287 | Benefits | 3 | Photos,3.9,9.5,Auto Components,Pune +95 other locations
IKS Health,"IKS Health | Follow | 3.5 | (3.1k) | BPO | Mumbai +34 other locations | Critically Rated For | Promotions, Salary, Work Satisfaction | To view salary insights | Select designation | 3.1k | Reviews | 12k | Salaries | 281 | Interviews | 21 | Jobs | 249 | Benefits | 72 | Photos",3.5,12.0,BPO,Mumbai +34 other locations
Shree Cement,"Shree Cement | Follow | 3.7 | (3.1k) | Building Material | Beawar +287 other locations | Critically Rated For | Promotions, Job Security, Company Culture | To view salary insights | Select designation | 3.1k | Reviews | 10.4k | Salaries | 253 | Interviews | 21 | Jobs | 238 | Benefits | 15 | Photos",3.7,10.4,Building Material,Beawar +287 other locations
Exl India,"Exl India | Follow | 3.5 | (3.1k) | Logistics | New Delhi +46 other locations | Highly Rated For | Job Security | Critically Rated For | Promotions, Salary, Skill Development | To view salary insights | Select designation | 3.1k | Reviews | 19.7k | Salaries | 142 | Interviews | 1 | Jobs | 198 | Benefits | 1 | Photos",3.5,19.7,Logistics,New Delhi +46 other locations
I Process Services,"I Process Services | Follow | 3.8 | (3.1k) | Recruitment | Mumbai +419 other locations | Highly Rated For | Work Life Balance | Critically Rated For | Promotions, Salary | To view salary insights | Select designation | 3.1k | Reviews | 5.6k | Salaries | 144 | Interviews | 6 | Jobs | 119 | Benefits | 4 | Photos",3.8,5.6,Recruitment,Mumbai +419 other locations
Physicswallah,"Physicswallah | Follow | 3.6 | (3.1k) | EdTech | Noida +155 other locations | Critically Rated For | Promotions, Job Security, Work Satisfaction | To view salary insights | Select designation | 3.1k | Reviews | 10.2k | Salaries | 326 | Interviews | 366 | Jobs | 92 | Benefits | 11 | Photos",3.6,10.2,EdTech,Noida +155 other locations
ACC,"ACC | Follow | 3.9 | (3.1k) | Building Material | Mumbai +287 other locations | Critically Rated For | Promotions, Job Security | To view salary insights | Select designation | 3.1k | Reviews | 9.2k | Salaries | 245 | Interviews | -- | Jobs | 274 | Benefits | 8 | Photos",3.9,9.2,Building Material,Mumbai +287 other locations
CMS IT Services,"CMS IT Services | Follow | 3.0 | (3.1k) | IT Services & Consulting | Mumbai +153 other locations | Critically Rated For | Promotions, Salary, Company Culture | To view salary insights | Select designation | 3.1k | Reviews | 9.1k | Salaries | 164 | Interviews | 71 | Jobs | 190 | Benefits | 7 | Photos",3.0,9.1,IT Services & Consulting,Mumbai +153 other locations
Square Yards,"Square Yards | Follow | 3.5 | (3.1k) | Internet | Gurugram +53 other locations | Critically Rated For | Job Security, Work Life Balance, Work Satisfaction | To view salary insights | Select designation | 3.1k | Reviews | 9.8k | Salaries | 262 | Interviews | 50 | Jobs | 225 | Benefits | 37 | Photos",3.5,9.8,Internet,Gurugram +53 other locations
Nokia,"Nokia | Follow | 4.0 | (3.1k) | Telecom | Bengaluru +172 other locations | Highly Rated For | Work Life Balance, Company Culture | Critically Rated For | Promotions | To view salary insights | Select designation | 3.1k | Reviews | 17.7k | Salaries | 339 | Interviews | 68 | Jobs | 556 | Benefits | 15 | Photos",4.0,17.7,Telecom,Bengaluru +172 other locations
Future Group,"Future Group | Follow | 4.3 | (3k) | Retail | Mumbai +212 other locations | Highly Rated For | Skill Development, Company Culture, Work Life Balance | To view salary insights | Select designation | 3k | Reviews | 6.1k | Salaries | 86 | Interviews | -- | Jobs | 400 | Benefits | 3 | Photos",4.3,6.1,Retail,Mumbai +212 other locations
Foxconn,"Foxconn | Follow | 3.8 | (3k) | Electronics Manufacturing | Chennai +72 other locations | Highly Rated For | Job Security | Critically Rated For | Promotions, Company Culture | To view salary insights | Select designation | 3k | Reviews | 12.8k | Salaries | 269 | Interviews | 11 | Jobs | 148 | Benefits | 4 | Photos",3.8,12.8,Electronics Manufacturing,Chennai +72 other locations
Shoppers Stop,"Shoppers Stop | Follow | 3.9 | (3k) | Retail | Mumbai +88 other locations | AmbitionBox Award Winner'26 | Highly Rated For | Company Culture, Work Life Balance, Job Security | Critically Rated For | Promotions | To view salary insights | Select designation | 3k | Reviews | 7.1k | Salaries | 154 | Interviews | 50 | Jobs | 322 | Benefits | 18 | Photos",3.9,7.1,Retail,Mumbai +88 other locations
Apollo Tyres,"Apollo Tyres | Follow | 4.0 | (3k) | Auto Components | Chennai +185 other locations | Highly Rated For | Company Culture, Work Life Balance, Job Security | Critically Rated For | Promotions | To view salary insights | Select designation | 3k | Reviews | 10.2k | Salaries | 161 | Interviews | 19 | Jobs | 339 | Benefits | 7 | Photos",4.0,10.2,Auto Components,Chennai +185 other locations
Fiserv,"Fiserv | Follow | 2.7 | (3k) | FinTech | Pune +35 other locations | Critically Rated For | Promotions, Job Security, Company Culture | To view salary insights | Select designation | 3k | Reviews | 17.6k | Salaries | 205 | Interviews | 21 | Jobs | 327 | Benefits | 11 | Photos",2.7,17.6,FinTech,Pune +35 other locations
Britannia,"Britannia | Follow | 4.0 | (3k) | Hospitality | Pune +317 other locations | AmbitionBox Award Winner'26 | Highly Rated For | Job Security, Skill Development | Critically Rated For | Promotions | To view salary insights | Select designation | 3k | Reviews | 8.8k | Salaries | 254 | Interviews | 48 | Jobs | 260 | Benefits | 8 | Photos",4.0,8.8,Hospitality,Pune +317 other locations
Dalmia Bharat Cement,"Dalmia Bharat Cement | Follow | 3.9 | (3k) | Building Material | New Delhi +263 other locations | Highly Rated For | Job Security, Salary | Critically Rated For | Promotions | To view salary insights | Select designation | 3k | Reviews | 42 | Salaries | 215 | Interviews | 74 | Jobs | 260 | Benefits | 16 | Photos",3.9,42.0,Building Material,New Delhi +263 other locations
ZS,"ZS | Follow | 3.0 | (3k) | Management Consulting | Pune +19 other locations | Critically Rated For | Work Life Balance, Work Satisfaction, Company Culture | To view salary insights | Select designation | 3k | Reviews | 22.9k | Salaries | 544 | Interviews | 84 | Jobs | 287 | Benefits | 23 | Photos",3.0,22.9,Management Consulting,Pune +19 other locations
Landmark Group,Landmark Group | Follow | 3.8 | (3k) | Retail | Bengaluru +177 other locations | Highly Rated For | Job Security | Critically Rated For | Promotions | To view salary insights | Select designation | 3k | Reviews | 9.7k | Salaries | 182 | Interviews | 4 | Jobs | 274 | Benefits | 9 | Photos,3.8,9.7,Retail,Bengaluru +177 other locations
SRF,"SRF | Follow | 4.1 | (3k) | Chemicals | Bharuch +70 other locations | Highly Rated For | Job Security, Salary, Work Life Balance | Critically Rated For | Promotions | To view salary insights | Select designation | 3k | Reviews | 9.5k | Salaries | 218 | Interviews | 10 | Jobs | 264 | Benefits | 5 | Photos",4.1,9.5,Chemicals,Bharuch +70 other locations
Nestlé,"Nestlé | Follow | 3.7 | (2.9k) | FMCG | Gurugram +294 other locations | Highly Rated For | Salary | Critically Rated For | Promotions, Work Life Balance, Work Satisfaction | To view salary insights | Select designation | 2.9k | Reviews | 10.4k | Salaries | 301 | Interviews | 27 | Jobs | 316 | Benefits | 20 | Photos",3.7,10.4,FMCG,Gurugram +294 other locations
Blue Dart Express Ltd,"Blue Dart Express Ltd | Follow | 3.9 | (2.9k) | Logistics | Mumbai +283 other locations | Highly Rated For | Job Security, Company Culture, Work Life Balance | Critically Rated For | Promotions | To view salary insights | Select designation | 2.9k | Reviews | 7k | Salaries | 141 | Interviews | 13 | Jobs | 248 | Benefits | 9 | Photos",3.9,7.0,Logistics,Mumbai +283 other locations
Kansai Nerolac Paints,Kansai Nerolac Paints | Follow | 3.8 | (2.9k) | Chemicals | Mumbai +270 other locations | Critically Rated For | Promotions | To view salary insights | Select designation | 2.9k | Reviews | 8.5k | Salaries | 203 | Interviews | 67 | Jobs | 195 | Benefits | 7 | Photos,3.8,8.5,Chemicals,Mumbai +270 other locations
Exide Industries,"Exide Industries | Follow | 3.4 | (2.9k) | Electrical Equipment | Kolkata +201 other locations | Critically Rated For | Promotions, Company Culture, Work Satisfaction | To view salary insights | Select designation | 2.9k | Reviews | 9.1k | Salaries | 228 | Interviews | 61 | Jobs | 248 | Benefits | 6 | Photos",3.4,9.1,Electrical Equipment,Kolkata +201 other locations
Tata Advanced Systems,"Tata Advanced Systems | Follow | 3.7 | (2.9k) | Defence & Aerospace | Bengaluru +68 other locations | Highly Rated For | Job Security | Critically Rated For | Promotions, Salary | To view salary insights | Select designation | 2.9k | Reviews | 13.6k | Salaries | 203 | Interviews | 11 | Jobs | 165 | Benefits | 7 | Photos",3.7,13.6,Defence & Aerospace,Bengaluru +68 other locations
Blue Star,"Blue Star | Follow | 4.0 | (2.8k) | Consumer Electronics & Appliances | Mumbai +156 other locations | Highly Rated For | Company Culture, Skill Development, Salary | Critically Rated For | Promotions | To view salary insights | Select designation | 2.8k | Reviews | 10.1k | Salaries | 211 | Interviews | 264 | Jobs | 263 | Benefits | 18 | Photos",4.0,10.1,Consumer Electronics & Appliances,Mumbai +156 other locations
Shell,"Shell | Follow | 3.9 | (2.8k) | Oil & Gas | Bengaluru +97 other locations | AmbitionBox Award Winner'26 | Highly Rated For | Work Life Balance, Company Culture, Salary | Critically Rated For | Promotions, Job Security | To view salary insights | Select designation | 2.8k | Reviews | 14.5k | Salaries | 245 | Interviews | 30 | Jobs | 261 | Benefits | 8 | Photos",3.9,14.5,Oil & Gas,Bengaluru +97 other locations
Gallagher,"Gallagher | Follow | 3.6 | (2.8k) | Insurance | Bengaluru +32 other locations | Highly Rated For | Work Life Balance, Job Security | Critically Rated For | Promotions, Salary, Work Satisfaction | To view salary insights | Select designation | 2.8k | Reviews | 15.2k | Salaries | 290 | Interviews | 23 | Jobs | 154 | Benefits | 1 | Photos",3.6,15.2,Insurance,Bengaluru +32 other locations
TVS Supply Chain Solutions,"TVS Supply Chain Solutions | Follow | 3.8 | (2.8k) | Logistics | Chennai +160 other locations | Highly Rated For | Job Security | Critically Rated For | Promotions, Salary | To view salary insights | Select designation | 2.8k | Reviews | 8.6k | Salaries | 174 | Interviews | 15 | Jobs | 195 | Benefits | 21 | Photos",3.8,8.6,Logistics,Chennai +160 other locations
Micro Labs,"Micro Labs | Follow | 3.6 | (2.8k) | Pharma | Bengaluru +158 other locations | Highly Rated For | Job Security | Critically Rated For | Promotions, Salary, Company Culture | To view salary insights | Select designation | 2.8k | Reviews | 10k | Salaries | 158 | Interviews | 15 | Jobs | 210 | Benefits | 4 | Photos",3.6,10.0,Pharma,Bengaluru +158 other locations
KPMG Global Services,"KPMG Global Services | Follow | 3.4 | (2.8k) | Management Consulting | Bengaluru +40 other locations | Critically Rated For | Promotions, Work Satisfaction, Salary | To view salary insights | Select designation | 2.8k | Reviews | 24.8k | Salaries | 280 | Interviews | 26 | Jobs | 20 | Benefits | -- | Photos",3.4,24.8,Management Consulting,Bengaluru +40 other locations
Photon Interactive,"Photon Interactive | Follow | 4.0 | (2.8k) | IT Services & Consulting | Chennai +20 other locations | AmbitionBox Award Winner'26 | Highly Rated For | Skill Development, Salary, Company Culture | To view salary insights | Select designation | 2.8k | Reviews | 7.8k | Salaries | 146 | Interviews | 508 | Jobs | 117 | Benefits | -- | Photos",4.0,7.8,IT Services & Consulting,Chennai +20 other locations
Flex,"Flex | Follow | 3.9 | (2.8k) | Electronics Manufacturing | Chennai +48 other locations | Highly Rated For | Company Culture, Work Life Balance, Skill Development | Critically Rated For | Promotions | To view salary insights | Select designation | 2.8k | Reviews | 15.4k | Salaries | 218 | Interviews | 41 | Jobs | 445 | Benefits | 14 | Photos",3.9,15.4,Electronics Manufacturing,Chennai +48 other locations
KFintech,"KFintech | Follow | 3.3 | (2.8k) | Financial Services | Hyderabad +115 other locations | Critically Rated For | Promotions, Salary, Skill Development | To view salary insights | Select designation | 2.8k | Reviews | 11.4k | Salaries | 181 | Interviews | 24 | Jobs | 61 | Benefits | 2 | Photos",3.3,11.4,Financial Services,Hyderabad +115 other locations
UnitedHealth,"UnitedHealth | Follow | 4.0 | (2.8k) | Healthcare | Hyderabad +19 other locations | Highly Rated For | Job Security, Work Life Balance, Company Culture | Critically Rated For | Promotions, Salary | To view salary insights | Select designation | 2.8k | Reviews | 13.1k | Salaries | 84 | Interviews | -- | Jobs | 435 | Benefits | -- | Photos",4.0,13.1,Healthcare,Hyderabad +19 other locations
Care Health Insurance,"Care Health Insurance | Follow | 3.5 | (2.8k) | Insurance | Gurugram +263 other locations | Critically Rated For | Promotions, Skill Development, Salary | To view salary insights | Select designation | 2.8k | Reviews | 9.2k | Salaries | 177 | Interviews | 31 | Jobs | 185 | Benefits | 11 | Photos",3.5,9.2,Insurance,Gurugram +263 other locations
Ajanta Pharma,Ajanta Pharma | Follow | 3.9 | (2.8k) | Pharma | Mumbai +124 other locations | Highly Rated For | Job Security | Critically Rated For | Promotions | To view salary insights | Select designation | 2.8k | Reviews | 9.3k | Salaries | 174 | Interviews | 22 | Jobs | 237 | Benefits | 10 | Photos,3.9,9.3,Pharma,Mumbai +124 other locations
G4S,"G4S | Follow | 4.0 | (2.8k) | Law Enforcement & Security | Gurugram +173 other locations | Highly Rated For | Work Life Balance, Job Security, Salary | Critically Rated For | Promotions | To view salary insights | Select designation | 2.8k | Reviews | 5.3k | Salaries | 145 | Interviews | 159 | Jobs | 248 | Benefits | 15 | Photos",4.0,5.3,Law Enforcement & Security,Gurugram +173 other locations
Voltas,"Voltas | Follow | 4.0 | (2.8k) | Consumer Electronics & Appliances | Mumbai +210 other locations | Highly Rated For | Job Security, Work Life Balance, Company Culture | Critically Rated For | Promotions | To view salary insights | Select designation | 2.8k | Reviews | 8.8k | Salaries | 183 | Interviews | 41 | Jobs | 265 | Benefits | 3 | Photos",4.0,8.8,Consumer Electronics & Appliances,Mumbai +210 other locations
ACT Fibernet,"ACT Fibernet | Follow | 3.9 | (2.8k) | Telecom | Hyderabad +60 other locations | Highly Rated For | Company Culture, Job Security, Salary | Critically Rated For | Promotions | To view salary insights | Select designation | 2.8k | Reviews | 8k | Salaries | 186 | Interviews | 219 | Jobs | 286 | Benefits | 10 | Photos",3.9,8.0,Telecom,Hyderabad +60 other locations
ElasticRun,"ElasticRun | Follow | 3.6 | (2.8k) | Logistics | Pune +399 other locations | Critically Rated For | Job Security, Promotions, Work Satisfaction | To view salary insights | Select designation | 2.8k | Reviews | 6.8k | Salaries | 283 | Interviews | 7 | Jobs | 228 | Benefits | 45 | Photos",3.6,6.8,Logistics,Pune +399 other locations
Sonalika Tractors,"Sonalika Tractors | Follow | 3.5 | (2.8k) | Automobile | Hoshiarpur +201 other locations | Critically Rated For | Company Culture, Promotions, Work Life Balance | To view salary insights | Select designation | 2.8k | Reviews | 9.5k | Salaries | 180 | Interviews | -- | Jobs | 189 | Benefits | 4 | Photos",3.5,9.5,Automobile,Hoshiarpur +201 other locations
Movate,"Movate | Follow | 3.1 | (2.8k) | IT Services & Consulting | Chennai +40 other locations | Critically Rated For | Promotions, Salary, Company Culture | To view salary insights | Select designation | 2.8k | Reviews | 15.7k | Salaries | 304 | Interviews | 238 | Jobs | 18 | Benefits | 24 | Photos",3.1,15.7,IT Services & Consulting,Chennai +40 other locations
Adani Power,Adani Power | Follow | 3.8 | (2.8k) | Power | Mundra +137 other locations | Critically Rated For | Promotions | To view salary insights | Select designation | 2.8k | Reviews | 10.6k | Salaries | 345 | Interviews | -- | Jobs | 184 | Benefits | 11 | Photos,3.8,10.6,Power,Mundra +137 other locations
GAO Tek,"GAO Tek | Follow | 4.4 | (2.8k) | Electrical Equipment | New York +48 other locations | Highly Rated For | Skill Development, Work Life Balance, Company Culture | Critically Rated For | Salary | To view salary insights | Select designation | 2.8k | Reviews | 270 | Salaries | 817 | Interviews | -- | Jobs | 157 | Benefits | 1 | Photos",4.4,270.0,Electrical Equipment,New York +48 other locations
NoBroker,"NoBroker | Follow | 3.0 | (2.8k) | Internet | Bengaluru +51 other locations | Critically Rated For | Promotions, Work Satisfaction, Job Security | To view salary insights | Select designation | 2.8k | Reviews | 11.4k | Salaries | 297 | Interviews | 549 | Jobs | 368 | Benefits | 25 | Photos",3.0,11.4,Internet,Bengaluru +51 other locations
DBS Bank,"DBS Bank | Follow | 3.7 | (2.7k) | Banking | Hyderabad +186 other locations | Highly Rated For | Salary | Critically Rated For | Promotions, Work Satisfaction | To view salary insights | Select designation | 2.7k | Reviews | 13.4k | Salaries | 212 | Interviews | 374 | Jobs | 199 | Benefits | 11 | Photos",3.7,13.4,Banking,Hyderabad +186 other locations
BlackBuck,"BlackBuck | Follow | 3.7 | (2.7k) | Internet | Bengaluru +368 other locations | Critically Rated For | Promotions, Job Security | To view salary insights | Select designation | 2.7k | Reviews | 6.8k | Salaries | 230 | Interviews | 55 | Jobs | 248 | Benefits | 13 | Photos",3.7,6.8,Internet,Bengaluru +368 other locations
Capita,"Capita | Follow | 3.5 | (2.7k) | BPO | Pune +36 other locations | Critically Rated For | Promotions, Salary, Job Security | To view salary insights | Select designation | 2.7k | Reviews | 12.2k | Salaries | 170 | Interviews | 18 | Jobs | 326 | Benefits | 3 | Photos",3.5,12.2,BPO,Pune +36 other locations
Himalaya Wellness,Himalaya Wellness | Follow | 3.9 | (2.7k) | Pharma | Bengaluru +248 other locations | Critically Rated For | Promotions | To view salary insights | Select designation | 2.7k | Reviews | 6.1k | Salaries | 159 | Interviews | 183 | Jobs | 264 | Benefits | 9 | Photos,3.9,6.1,Pharma,Bengaluru +248 other locations
IntouchCX,"IntouchCX | Follow | 2.8 | (2.8k) | BPO | Hyderabad +25 other locations | Critically Rated For | Promotions, Job Security, Work Satisfaction | To view salary insights | Select designation | 2.8k | Reviews | 10.8k | Salaries | 248 | Interviews | 74 | Jobs | 170 | Benefits | 18 | Photos",2.8,10.8,BPO,Hyderabad +25 other locations
Foundever,"Foundever | Follow | 3.3 | (2.7k) | BPO | Hyderabad +23 other locations | Critically Rated For | Promotions, Salary, Skill Development | To view salary insights | Select designation | 2.7k | Reviews | 9.6k | Salaries | 200 | Interviews | 72 | Jobs | 222 | Benefits | 15 | Photos",3.3,9.6,BPO,Hyderabad +23 other locations
Laurus Labs,"Laurus Labs | Follow | 4.3 | (2.7k) | Pharma | Visakhapatnam +35 other locations | AmbitionBox Award Winner'26 | Highly Rated For | Job Security, Salary, Company Culture | To view salary insights | Select designation | 2.7k | Reviews | 7.6k | Salaries | 165 | Interviews | 3 | Jobs | 232 | Benefits | 11 | Photos",4.3,7.6,Pharma,Visakhapatnam +35 other locations
Domino's Pizza,"Domino's Pizza | Follow | 3.9 | (2.7k) | Hospitality | New Delhi +270 other locations | Highly Rated For | Skill Development, Salary, Company Culture | To view salary insights | Select designation | 2.7k | Reviews | 4.4k | Salaries | 147 | Interviews | 1 | Jobs | 399 | Benefits | 16 | Photos",3.9,4.4,Hospitality,New Delhi +270 other locations
BT Group,"BT Group | Follow | 3.8 | (2.7k) | Telecom | Gurugram +29 other locations | Highly Rated For | Work Life Balance, Company Culture | Critically Rated For | Promotions, Skill Development, Salary | To view salary insights | Select designation | 2.7k | Reviews | 12.3k | Salaries | 239 | Interviews | 21 | Jobs | 294 | Benefits | 24 | Photos",3.8,12.3,Telecom,Gurugram +29 other locations
Fortis Healthcare,"Fortis Healthcare | Follow | 4.1 | (2.7k) | Healthcare | New Delhi +71 other locations | Highly Rated For | Job Security, Skill Development, Company Culture | To view salary insights | Select designation | 2.7k | Reviews | 7.9k | Salaries | 202 | Interviews | 1.7k | Jobs | 154 | Benefits | 3 | Photos",4.1,7.9,Healthcare,New Delhi +71 other locations
Whitehat jr,"Whitehat jr | Follow | 3.3 | (2.7k) | EdTech | Mumbai +49 other locations | Critically Rated For | Job Security, Promotions, Company Culture | To view salary insights | Select designation | 2.7k | Reviews | 8.4k | Salaries | 266 | Interviews | -- | Jobs | 926 | Benefits | 3 | Photos",3.3,8.4,EdTech,Mumbai +49 other locations
JCB,JCB | Follow | 3.8 | (2.7k) | Industrial Machinery | Pune +112 other locations | Highly Rated For | Work Life Balance | Critically Rated For | Promotions | To view salary insights | Select designation | 2.7k | Reviews | 10.2k | Salaries | 185 | Interviews | -- | Jobs | 252 | Benefits | 8 | Photos,3.8,10.2,Industrial Machinery,Pune +112 other locations
CorroHealth Infotech,"CorroHealth Infotech | Follow | 3.6 | (2.7k) | Analytics & KPO | Hyderabad +41 other locations | Highly Rated For | Salary | Critically Rated For | Work Life Balance, Job Security, Promotions | To view salary insights | Select designation | 2.7k | Reviews | 8.4k | Salaries | 293 | Interviews | 186 | Jobs | 40 | Benefits | 19 | Photos",3.6,8.4,Analytics & KPO,Hyderabad +41 other locations
V-Mart,"V-Mart | Follow | 4.0 | (2.7k) | Retail | Gurugram +293 other locations | AmbitionBox Award Winner'26 | Highly Rated For | Skill Development, Job Security, Company Culture | To view salary insights | Select designation | 2.7k | Reviews | 4.7k | Salaries | 206 | Interviews | 14 | Jobs | 229 | Benefits | 18 | Photos",4.0,4.7,Retail,Gurugram +293 other locations
TaskUs,"TaskUs | Follow | 2.9 | (2.6k) | BPO | Indore +42 other locations | Critically Rated For | Job Security, Promotions, Skill Development | To view salary insights | Select designation | 2.6k | Reviews | 10.6k | Salaries | 244 | Interviews | 130 | Jobs | 149 | Benefits | 16 | Photos",2.9,10.6,BPO,Indore +42 other locations
Alldigi Tech,"Alldigi Tech | Follow | 3.8 | (2.6k) | BPO | Chennai +38 other locations | Critically Rated For | Promotions, Salary | To view salary insights | Select designation | 2.6k | Reviews | 7.7k | Salaries | 244 | Interviews | 2 | Jobs | 117 | Benefits | 33 | Photos",3.8,7.7,BPO,Chennai +38 other locations
Adani Group,Adani Group | Follow | 3.8 | (2.7k) | Power | Ahmedabad +205 other locations | Highly Rated For | Salary | Critically Rated For | Promotions | To view salary insights | Select designation | 2.7k | Reviews | 12.4k | Salaries | 328 | Interviews | 823 | Jobs | 131 | Benefits | 9 | Photos,3.8,12.4,Power,Ahmedabad +205 other locations
ICICI Securities,"ICICI Securities | Follow | 3.9 | (2.6k) | Financial Services | Mumbai +160 other locations | Highly Rated For | Work Life Balance, Job Security, Company Culture | Critically Rated For | Promotions | To view salary insights | Select designation | 2.6k | Reviews | 9.9k | Salaries | 202 | Interviews | 62 | Jobs | 203 | Benefits | 4 | Photos",3.9,9.9,Financial Services,Mumbai +160 other locations
Northern Trust Operating Services,"Northern Trust Operating Services | Follow | 3.6 | (2.6k) | Financial Services | Bengaluru +31 other locations | Critically Rated For | Promotions, Work Satisfaction, Salary | To view salary insights | Select designation | 2.6k | Reviews | 18k | Salaries | 249 | Interviews | 96 | Jobs | 235 | Benefits | 13 | Photos",3.6,18.0,Financial Services,Bengaluru +31 other locations
Sahrudaya Healthcare (Medicover Hospitals),"Sahrudaya Healthcare (Medicover Hospitals) | Follow | 4.3 | (2.6k) | Healthcare | Hyderabad +47 other locations | Highly Rated For | Company Culture, Work Life Balance, Work Satisfaction | To view salary insights | Select designation | 2.6k | Reviews | 3.8k | Salaries | 148 | Interviews | 27 | Jobs | 1 | Benefits | 4 | Photos",4.3,3.8,Healthcare,Hyderabad +47 other locations
Sterlite Technologies,"Sterlite Technologies | Follow | 3.8 | (2.6k) | Hardware & Networking | Chhatrapati Sambhajinagar +105 other locations | Critically Rated For | Promotions, Job Security | To view salary insights | Select designation | 2.6k | Reviews | 9.9k | Salaries | 192 | Interviews | 116 | Jobs | 216 | Benefits | 10 | Photos",3.8,9.9,Hardware & Networking,Chhatrapati Sambhajinagar +105 other locations
Tractors and Farm Equipment,"Tractors and Farm Equipment | Follow | 4.0 | (2.6k) | Industrial Machinery | Chennai +193 other locations | Highly Rated For | Work Life Balance, Skill Development | Critically Rated For | Promotions | To view salary insights | Select designation | 2.6k | Reviews | 8.5k | Salaries | 142 | Interviews | 29 | Jobs | 290 | Benefits | 9 | Photos",4.0,8.5,Industrial Machinery,Chennai +193 other locations
Bajaj Electricals,Bajaj Electricals | Follow | 3.9 | (2.6k) | Consumer Electronics & Appliances | Mumbai +240 other locations | Highly Rated For | Salary | Critically Rated For | Promotions | To view salary insights | Select designation | 2.6k | Reviews | 7.1k | Salaries | 165 | Interviews | 74 | Jobs | 296 | Benefits | 6 | Photos,3.9,7.1,Consumer Electronics & Appliances,Mumbai +240 other locations
Cadila Pharmaceuticals,"Cadila Pharmaceuticals | Follow | 3.0 | (2.6k) | Pharma | Ahmedabad +146 other locations | Critically Rated For | Job Security, Promotions, Company Culture | To view salary insights | Select designation | 2.6k | Reviews | 8.4k | Salaries | 183 | Interviews | 58 | Jobs | 190 | Benefits | 13 | Photos",3.0,8.4,Pharma,Ahmedabad +146 other locations
Biocon Limited,"Biocon Limited | Follow | 4.0 | (2.6k) | Biotechnology | Bengaluru +67 other locations | Highly Rated For | Work Life Balance, Company Culture | Critically Rated For | Promotions | To view salary insights | Select designation | 2.6k | Reviews | 11.6k | Salaries | 193 | Interviews | 25 | Jobs | 24 | Benefits | 1 | Photos",4.0,11.6,Biotechnology,Bengaluru +67 other locations
Parle Agro,"Parle Agro | Follow | 3.9 | (2.6k) | Beverage | Mumbai +266 other locations | Highly Rated For | Work Life Balance, Job Security | Critically Rated For | Promotions | To view salary insights | Select designation | 2.6k | Reviews | 7.2k | Salaries | 159 | Interviews | 10 | Jobs | 231 | Benefits | 9 | Photos",3.9,7.2,Beverage,Mumbai +266 other locations
Hero FinCorp,"Hero FinCorp | Follow | 3.9 | (2.6k) | NBFC | New Delhi +408 other locations | Highly Rated For | Work Life Balance, Company Culture | Critically Rated For | Promotions | To view salary insights | Select designation | 2.6k | Reviews | 6k | Salaries | 125 | Interviews | 40 | Jobs | 133 | Benefits | 3 | Photos",3.9,6.0,NBFC,New Delhi +408 other locations
Emcure Pharmaceuticals,"Emcure Pharmaceuticals | Follow | 3.6 | (2.6k) | Pharma | Pune +124 other locations | Critically Rated For | Promotions, Job Security, Company Culture | To view salary insights | Select designation | 2.6k | Reviews | 8.9k | Salaries | 141 | Interviews | 100 | Jobs | 257 | Benefits | 13 | Photos",3.6,8.9,Pharma,Pune +124 other locations
Team Computers,"Team Computers | Follow | 3.8 | (2.6k) | IT Services & Consulting | New Delhi +116 other locations | Critically Rated For | Promotions, Salary | To view salary insights | Select designation | 2.6k | Reviews | 8.9k | Salaries | 230 | Interviews | 222 | Jobs | 170 | Benefits | 6 | Photos",3.8,8.9,IT Services & Consulting,New Delhi +116 other locations
Intellect Design Arena,"Intellect Design Arena | Follow | 3.4 | (2.6k) | Software Product | Chennai +42 other locations | Critically Rated For | Promotions, Company Culture, Work Life Balance | To view salary insights | Select designation | 2.6k | Reviews | 14.3k | Salaries | 185 | Interviews | 19 | Jobs | 121 | Benefits | 8 | Photos",3.4,14.3,Software Product,Chennai +42 other locations
Syngene International,"Syngene International | Follow | 3.7 | (2.5k) | Clinical Research | Bengaluru +24 other locations | Critically Rated For | Promotions, Salary, Work Satisfaction | To view salary insights | Select designation | 2.5k | Reviews | 12.9k | Salaries | 196 | Interviews | 6 | Jobs | 227 | Benefits | 16 | Photos",3.7,12.9,Clinical Research,Bengaluru +24 other locations
Planet Spark,Planet Spark | Follow | 3.7 | (2.5k) | EdTech | Gurugram +58 other locations | AmbitionBox Award Winner'26 | Highly Rated For | Skill Development | To view salary insights | Select designation | 2.5k | Reviews | 3.9k | Salaries | 611 | Interviews | 60 | Jobs | 213 | Benefits | 2 | Photos,3.7,3.9,EdTech,Gurugram +58 other locations
Newgen Software Technologies,"Newgen Software Technologies | Follow | 4.1 | (2.6k) | IT Services & Consulting | Noida +32 other locations | Highly Rated For | Job Security, Company Culture, Work Life Balance | To view salary insights | Select designation | 2.6k | Reviews | 11.8k | Salaries | 213 | Interviews | 30 | Jobs | 155 | Benefits | 13 | Photos",4.1,11.8,IT Services & Consulting,Noida +32 other locations
Mahindra Holidays & Resorts,"Mahindra Holidays & Resorts | Follow | 3.5 | (2.5k) | Hospitality | Mumbai +117 other locations | Critically Rated For | Promotions, Work Life Balance, Work Satisfaction | To view salary insights | Select designation | 2.5k | Reviews | 6.2k | Salaries | 138 | Interviews | 61 | Jobs | 205 | Benefits | 17 | Photos",3.5,6.2,Hospitality,Mumbai +117 other locations
RMSI,"RMSI | Follow | 3.5 | (2.5k) | IT Services & Consulting | Hyderabad +27 other locations | Critically Rated For | Promotions, Salary, Skill Development | To view salary insights | Select designation | 2.5k | Reviews | 9.2k | Salaries | 203 | Interviews | 9 | Jobs | 199 | Benefits | 4 | Photos",3.5,9.2,IT Services & Consulting,Hyderabad +27 other locations
Datamatics Global Services,"Datamatics Global Services | Follow | 3.3 | (2.5k) | IT Services & Consulting | Mumbai +39 other locations | Critically Rated For | Promotions, Salary, Company Culture | To view salary insights | Select designation | 2.5k | Reviews | 11.7k | Salaries | 184 | Interviews | 89 | Jobs | 179 | Benefits | 5 | Photos",3.3,11.7,IT Services & Consulting,Mumbai +39 other locations
Mahindra Rural Housing Finance,"Mahindra Rural Housing Finance | Follow | 4.0 | (2.5k) | NBFC | Mumbai +485 other locations | Highly Rated For | Work Life Balance, Company Culture | Critically Rated For | Promotions | To view salary insights | Select designation | 2.5k | Reviews | 4.9k | Salaries | 110 | Interviews | 9 | Jobs | 180 | Benefits | 6 | Photos",4.0,4.9,NBFC,Mumbai +485 other locations
McDonald's,"McDonald's | Follow | 3.8 | (2.5k) | Hospitality | New Delhi +162 other locations | Highly Rated For | Skill Development | Critically Rated For | Salary, Promotions | To view salary insights | Select designation | 2.5k | Reviews | 5.1k | Salaries | 167 | Interviews | 1 | Jobs | 407 | Benefits | 7 | Photos",3.8,5.1,Hospitality,New Delhi +162 other locations
Bureau Veritas,"Bureau Veritas | Follow | 3.8 | (2.5k) | Other | Mumbai +161 other locations | Highly Rated For | Work Life Balance | Critically Rated For | Promotions, Salary | To view salary insights | Select designation | 2.5k | Reviews | 8.7k | Salaries | 154 | Interviews | 32 | Jobs | 198 | Benefits | 12 | Photos",3.8,8.7,Other,Mumbai +161 other locations
Cholamandalam MS General Insurance,"Cholamandalam MS General Insurance | Follow | 3.6 | (2.5k) | Insurance | Chennai +411 other locations | Critically Rated For | Promotions, Skill Development, Work Satisfaction | To view salary insights | Select designation | 2.5k | Reviews | 6k | Salaries | 121 | Interviews | -- | Jobs | 176 | Benefits | 4 | Photos",3.6,6.0,Insurance,Chennai +411 other locations
TCE,"TCE | Follow | 3.9 | (2.5k) | Engineering & Construction | Mumbai +135 other locations | Highly Rated For | Work Life Balance, Job Security | Critically Rated For | Promotions | To view salary insights | Select designation | 2.5k | Reviews | 10.5k | Salaries | 313 | Interviews | 43 | Jobs | 195 | Benefits | 9 | Photos",3.9,10.5,Engineering & Construction,Mumbai +135 other locations
3i Infotech,"3i Infotech | Follow | 3.4 | (2.5k) | IT Services & Consulting | Mumbai +135 other locations | Critically Rated For | Promotions, Salary, Company Culture | To view salary insights | Select designation | 2.5k | Reviews | 10.6k | Salaries | 173 | Interviews | 85 | Jobs | 155 | Benefits | 3 | Photos",3.4,10.6,IT Services & Consulting,Mumbai +135 other locations
Paras Hospital,"Paras Hospital | Follow | 4.1 | (2.5k) | Healthcare | Patna +62 other locations | Highly Rated For | Work Life Balance, Skill Development, Company Culture | To view salary insights | Select designation | 2.5k | Reviews | 3.3k | Salaries | 112 | Interviews | 91 | Jobs | 129 | Benefits | 44 | Photos",4.1,3.3,Healthcare,Patna +62 other locations
Lodha,"Lodha | Follow | 4.2 | (2.5k) | Real Estate | Mumbai +31 other locations | Highly Rated For | Work Life Balance, Company Culture, Job Security | To view salary insights | Select designation | 2.5k | Reviews | 9.3k | Salaries | 190 | Interviews | 195 | Jobs | 190 | Benefits | 9 | Photos",4.2,9.3,Real Estate,Mumbai +31 other locations
Aavas Financiers,Aavas Financiers | Follow | 3.9 | (2.5k) | NBFC | Jaipur +307 other locations | Highly Rated For | Skill Development | Critically Rated For | Promotions | To view salary insights | Select designation | 2.5k | Reviews | 5.7k | Salaries | 130 | Interviews | 79 | Jobs | 144 | Benefits | 10 | Photos,3.9,5.7,NBFC,Jaipur +307 other locations
Patanjali Ayurved,"Patanjali Ayurved | Follow | 3.9 | (2.5k) | FMCG | Haridwar +308 other locations | Highly Rated For | Work Life Balance, Salary | Critically Rated For | Promotions | To view salary insights | Select designation | 2.5k | Reviews | 5.9k | Salaries | 144 | Interviews | -- | Jobs | 241 | Benefits | 3 | Photos",3.9,5.9,FMCG,Haridwar +308 other locations
Info Edge,"Info Edge | Follow | 3.8 | (2.5k) | Internet | Noida +70 other locations | Highly Rated For | Job Security | Critically Rated For | Promotions, Work Satisfaction, Skill Development | To view salary insights | Select designation | 2.5k | Reviews | 11.6k | Salaries | 392 | Interviews | 420 | Jobs | 308 | Benefits | 28 | Photos",3.8,11.6,Internet,Noida +70 other locations
Delhi Public School,"Delhi Public School | Follow | 3.7 | (2.5k) | Education & Training | New Delhi +283 other locations | Critically Rated For | Promotions, Company Culture, Work Satisfaction | To view salary insights | Select designation | 2.5k | Reviews | 5.3k | Salaries | 167 | Interviews | 208 | Jobs | 268 | Benefits | 13 | Photos",3.7,5.3,Education & Training,New Delhi +283 other locations
SBI Securities,"SBI Securities | Follow | 3.6 | (2.5k) | Financial Services | Mumbai +335 other locations | Critically Rated For | Promotions, Work Satisfaction, Company Culture | To view salary insights | Select designation | 2.5k | Reviews | 7.2k | Salaries | 200 | Interviews | 87 | Jobs | 113 | Benefits | 21 | Photos",3.6,7.2,Financial Services,Mumbai +335 other locations
Taj Hotels Resorts and Palaces,"Taj Hotels Resorts and Palaces | Follow | 4.2 | (2.5k) | Hospitality | Mumbai +116 other locations | Highly Rated For | Job Security, Company Culture, Skill Development | To view salary insights | Select designation | 2.5k | Reviews | 5k | Salaries | 166 | Interviews | -- | Jobs | 185 | Benefits | 5 | Photos",4.2,5.0,Hospitality,Mumbai +116 other locations
Straive,"Straive | Follow | 3.3 | (2.5k) | IT Services & Consulting | Chennai +33 other locations | Critically Rated For | Promotions, Salary, Skill Development | To view salary insights | Select designation | 2.5k | Reviews | 11k | Salaries | 237 | Interviews | 33 | Jobs | 133 | Benefits | 15 | Photos",3.3,11.0,IT Services & Consulting,Chennai +33 other locations
Daikin Airconditioning India Pvt. Ltd.,"Daikin Airconditioning India Pvt. Ltd. | Follow | 4.2 | (2.4k) | Consumer Electronics & Appliances | Neemrana +114 other locations | Highly Rated For | Job Security, Work Life Balance, Company Culture | Critically Rated For | Promotions | To view salary insights | Select designation | 2.4k | Reviews | 8.2k | Salaries | 228 | Interviews | 18 | Jobs | 171 | Benefits | 2 | Photos",4.2,8.2,Consumer Electronics & Appliances,Neemrana +114 other locations
Apollo Pharmacy,"Apollo Pharmacy | Follow | 3.7 | (2.5k) | Pharma | Hyderabad +296 other locations | Highly Rated For | Job Security | Critically Rated For | Promotions, Salary, Work Satisfaction | To view salary insights | Select designation | 2.5k | Reviews | 7.8k | Salaries | 212 | Interviews | 1.1k | Jobs | 141 | Benefits | 6 | Photos",3.7,7.8,Pharma,Hyderabad +296 other locations
Endurance Technologies Limited,"Endurance Technologies Limited | Follow | 3.9 | (2.4k) | Auto Components | Chhatrapati Sambhajinagar +55 other locations | Highly Rated For | Job Security, Skill Development | Critically Rated For | Promotions | To view salary insights | Select designation | 2.4k | Reviews | 8.2k | Salaries | 152 | Interviews | 15 | Jobs | 257 | Benefits | 1 | Photos",3.9,8.2,Auto Components,Chhatrapati Sambhajinagar +55 other locations
Sopra Steria,"Sopra Steria | Follow | 3.9 | (2.4k) | IT Services & Consulting | Noida +20 other locations | AmbitionBox Award Winner'26 | Highly Rated For | Work Life Balance, Company Culture, Job Security | Critically Rated For | Promotions | To view salary insights | Select designation | 2.4k | Reviews | 14.4k | Salaries | 193 | Interviews | 132 | Jobs | 247 | Benefits | 13 | Photos",3.9,14.4,IT Services & Consulting,Noida +20 other locations
Star Union Dai-ichi Life Insurance,Star Union Dai-ichi Life Insurance | Follow | 3.8 | (2.4k) | Insurance | Mumbai +346 other locations | Critically Rated For | Promotions | To view salary insights | Select designation | 2.4k | Reviews | 5.5k | Salaries | 150 | Interviews | 40 | Jobs | 110 | Benefits | 23 | Photos,3.8,5.5,Insurance,Mumbai +346 other locations
Cybage,"Cybage | Follow | 3.7 | (2.4k) | IT Services & Consulting | Pune +15 other locations | Highly Rated For | Company Culture, Work Life Balance | Critically Rated For | Promotions, Skill Development, Work Satisfaction | To view salary insights | Select designation | 2.4k | Reviews | 17k | Salaries | 216 | Interviews | 24 | Jobs | 278 | Benefits | 4 | Photos",3.7,17.0,IT Services & Consulting,Pune +15 other locations
BNP Paribas,"BNP Paribas | Follow | 3.7 | (2.4k) | Banking | Mumbai +30 other locations | Highly Rated For | Job Security, Work Life Balance | Critically Rated For | Promotions, Skill Development, Salary | To view salary insights | Select designation | 2.4k | Reviews | 19.8k | Salaries | 229 | Interviews | 26 | Jobs | 193 | Benefits | 8 | Photos",3.7,19.8,Banking,Mumbai +30 other locations
Statestreet HCL Services,"Statestreet HCL Services | Follow | 3.4 | (2.4k) | BPO | Chennai +18 other locations | Critically Rated For | Promotions, Salary, Company Culture | To view salary insights | Select designation | 2.4k | Reviews | 12.3k | Salaries | 224 | Interviews | -- | Jobs | 203 | Benefits | -- | Photos",3.4,12.3,BPO,Chennai +18 other locations
Capgemini Engineering,"Capgemini Engineering | Follow | 3.3 | (2.4k) | IT Services & Consulting | Bengaluru +37 other locations | Critically Rated For | Promotions, Salary, Work Satisfaction | To view salary insights | Select designation | 2.4k | Reviews | 12.8k | Salaries | 416 | Interviews | -- | Jobs | 146 | Benefits | 4 | Photos",3.3,12.8,IT Services & Consulting,Bengaluru +37 other locations
Torrent Power,"Torrent Power | Follow | 4.2 | (2.4k) | Power | Ahmedabad +67 other locations | Highly Rated For | Job Security, Work Life Balance, Company Culture | To view salary insights | Select designation | 2.4k | Reviews | 8.2k | Salaries | 315 | Interviews | 64 | Jobs | 317 | Benefits | 5 | Photos",4.2,8.2,Power,Ahmedabad +67 other locations
JK Tyre,JK Tyre | Follow | 3.9 | (2.4k) | Auto Components | Chennai +149 other locations | Critically Rated For | Promotions | To view salary insights | Select designation | 2.4k | Reviews | 7.1k | Salaries | 236 | Interviews | 13 | Jobs | 280 | Benefits | 6 | Photos,3.9,7.1,Auto Components,Chennai +149 other locations
Kia India,Kia India | Follow | 3.9 | (2.4k) | Automobile | Anantapur +194 other locations | AmbitionBox Award Winner'26 | Highly Rated For | Job Security | Critically Rated For | Promotions | To view salary insights | Select designation | 2.4k | Reviews | 8.5k | Salaries | 186 | Interviews | 97 | Jobs | 177 | Benefits | 15 | Photos,3.9,8.5,Automobile,Anantapur +194 other locations
Axis Direct,"Axis Direct | Follow | 3.7 | (2.4k) | Financial Services | Mumbai +274 other locations | Critically Rated For | Promotions, Work Satisfaction, Skill Development | To view salary insights | Select designation | 2.4k | Reviews | 4.6k | Salaries | 90 | Interviews | 42 | Jobs | 208 | Benefits | -- | Photos",3.7,4.6,Financial Services,Mumbai +274 other locations
GVK Emergency Management and Research Institute,"GVK Emergency Management and Research Institute | Follow | 3.5 | (2.4k) | Non-Profit | Lucknow +221 other locations | Critically Rated For | Promotions, Job Security, Company Culture | To view salary insights | Select designation | 2.4k | Reviews | 4.8k | Salaries | 124 | Interviews | 71 | Jobs | 185 | Benefits | 7 | Photos",3.5,4.8,Non-Profit,Lucknow +221 other locations
Bharat Petroleum,"Bharat Petroleum | Follow | 4.2 | (2.4k) | Oil & Gas | Mumbai +271 other locations | Highly Rated For | Work Life Balance, Skill Development, Company Culture | To view salary insights | Select designation | 2.4k | Reviews | 7.6k | Salaries | 192 | Interviews | 2 | Jobs | 195 | Benefits | 16 | Photos",4.2,7.6,Oil & Gas,Mumbai +271 other locations
Sobha,"Sobha | Follow | 3.7 | (2.4k) | Real Estate | Bengaluru +39 other locations | Highly Rated For | Job Security | Critically Rated For | Promotions, Work Life Balance, Salary | To view salary insights | Select designation | 2.4k | Reviews | 8.6k | Salaries | 174 | Interviews | 36 | Jobs | 244 | Benefits | 9 | Photos",3.7,8.6,Real Estate,Bengaluru +39 other locations
Xoriant,"Xoriant | Follow | 3.9 | (2.4k) | IT Services & Consulting | Pune +24 other locations | AmbitionBox Award Winner'26 | Highly Rated For | Work Life Balance, Company Culture, Work Satisfaction | Critically Rated For | Promotions | To view salary insights | Select designation | 2.4k | Reviews | 11.8k | Salaries | 238 | Interviews | 49 | Jobs | 409 | Benefits | 48 | Photos",3.9,11.8,IT Services & Consulting,Pune +24 other locations
Akums Drugs & Pharmaceuticals Limited,"Akums Drugs & Pharmaceuticals Limited | Follow | 4.2 | (2.4k) | Pharma | Haridwar +42 other locations | Highly Rated For | Job Security, Skill Development, Company Culture | To view salary insights | Select designation | 2.4k | Reviews | 6.3k | Salaries | 343 | Interviews | 27 | Jobs | 157 | Benefits | 22 | Photos",4.2,6.3,Pharma,Haridwar +42 other locations
Panasonic Life Solutions India,"Panasonic Life Solutions India | Follow | 4.0 | (2.4k) | Consumer Electronics & Appliances | Mumbai +178 other locations | Highly Rated For | Work Life Balance, Job Security, Company Culture | Critically Rated For | Promotions | To view salary insights | Select designation | 2.4k | Reviews | 7.4k | Salaries | 105 | Interviews | 21 | Jobs | 125 | Benefits | 7 | Photos",4.0,7.4,Consumer Electronics & Appliances,Mumbai +178 other locations
AWL Agri Business,"AWL Agri Business | Follow | 4.1 | (2.4k) | FMCG | Ahmedabad +215 other locations | Highly Rated For | Job Security, Work Life Balance, Skill Development | To view salary insights | Select designation | 2.4k | Reviews | 7.2k | Salaries | 149 | Interviews | 15 | Jobs | 196 | Benefits | 8 | Photos",4.1,7.2,FMCG,Ahmedabad +215 other locations
KocharTech,"KocharTech | Follow | 3.6 | (2.4k) | IT Services & Consulting | Kolkata +28 other locations | Critically Rated For | Promotions, Salary, Company Culture | To view salary insights | Select designation | 2.4k | Reviews | 3.8k | Salaries | 86 | Interviews | 21 | Jobs | 560 | Benefits | 6 | Photos",3.6,3.8,IT Services & Consulting,Kolkata +28 other locations
Eureka Forbes,"Eureka Forbes | Follow | 3.6 | (2.4k) | Consumer Electronics & Appliances | Mumbai +194 other locations | Critically Rated For | Promotions, Job Security, Company Culture | To view salary insights | Select designation | 2.4k | Reviews | 5.7k | Salaries | 97 | Interviews | 7 | Jobs | 231 | Benefits | 5 | Photos",3.6,5.7,Consumer Electronics & Appliances,Mumbai +194 other locations
Myntra,Myntra | Follow | 3.8 | (2.4k) | Internet | Bengaluru +105 other locations | Highly Rated For | Company Culture | Critically Rated For | Promotions | To view salary insights | Select designation | 2.4k | Reviews | 10.9k | Salaries | 414 | Interviews | 19 | Jobs | 311 | Benefits | 44 | Photos,3.8,10.9,Internet,Bengaluru +105 other locations
Bharti AXA Life Insurance,"Bharti AXA Life Insurance | Follow | 3.6 | (2.4k) | Insurance | Mumbai +249 other locations | Critically Rated For | Job Security, Promotions, Work Satisfaction | To view salary insights | Select designation | 2.4k | Reviews | 5.3k | Salaries | 156 | Interviews | 822 | Jobs | 172 | Benefits | 10 | Photos",3.6,5.3,Insurance,Mumbai +249 other locations
Aditya Birla Group,"Aditya Birla Group | Follow | 4.1 | (2.4k) | Metals & Mining | Mumbai +277 other locations | Highly Rated For | Job Security, Work Life Balance, Skill Development | Critically Rated For | Promotions | To view salary insights | Select designation | 2.4k | Reviews | 9.8k | Salaries | 244 | Interviews | 2 | Jobs | 251 | Benefits | 15 | Photos",4.1,9.8,Metals & Mining,Mumbai +277 other locations
Renault Nissan Technology & Business Centre India,"Renault Nissan Technology & Business Centre India | Follow | 3.5 | (2.4k) | Automobile | Chennai +22 other locations | Critically Rated For | Promotions, Salary, Work Satisfaction | To view salary insights | Select designation | 2.4k | Reviews | 15.4k | Salaries | 164 | Interviews | 23 | Jobs | 219 | Benefits | -- | Photos",3.5,15.4,Automobile,Chennai +22 other locations
Lifestyle,"Lifestyle | Follow | 4.1 | (2.4k) | Retail | Bengaluru +133 other locations | Highly Rated For | Work Life Balance, Job Security, Company Culture | To view salary insights | Select designation | 2.4k | Reviews | 6.8k | Salaries | 92 | Interviews | 21 | Jobs | 273 | Benefits | 11 | Photos",4.1,6.8,Retail,Bengaluru +133 other locations
Radisson Hotels,"Radisson Hotels | Follow | 4.0 | (2.3k) | Hospitality | New Delhi +135 other locations | Highly Rated For | Job Security, Skill Development, Company Culture | To view salary insights | Select designation | 2.3k | Reviews | 5.3k | Salaries | 112 | Interviews | 388 | Jobs | 318 | Benefits | 12 | Photos",4.0,5.3,Hospitality,New Delhi +135 other locations
Unacademy,"Unacademy | Follow | 3.0 | (2.3k) | EdTech | Bengaluru +75 other locations | Critically Rated For | Job Security, Promotions, Company Culture | To view salary insights | Select designation | 2.3k | Reviews | 10.4k | Salaries | 247 | Interviews | 16 | Jobs | 161 | Benefits | 42 | Photos",3.0,10.4,EdTech,Bengaluru +75 other locations
Meesho,"Meesho | Follow | 3.7 | (2.3k) | Internet | Bengaluru +142 other locations | Highly Rated For | Salary | Critically Rated For | Job Security, Promotions | To view salary insights | Select designation | 2.3k | Reviews | 10.4k | Salaries | 469 | Interviews | 29 | Jobs | 313 | Benefits | 13 | Photos",3.7,10.4,Internet,Bengaluru +142 other locations
Infinite Computer Solutions,"Infinite Computer Solutions | Follow | 3.2 | (2.3k) | IT Services & Consulting | Bengaluru +37 other locations | Critically Rated For | Promotions, Job Security, Work Satisfaction | To view salary insights | Select designation | 2.3k | Reviews | 16.4k | Salaries | 189 | Interviews | 202 | Jobs | 116 | Benefits | 18 | Photos",3.2,16.4,IT Services & Consulting,Bengaluru +37 other locations
Coromandel International Limited,"Coromandel International Limited | Follow | 4.0 | (2.3k) | Agro Chemicals | Visakhapatnam +192 other locations | Highly Rated For | Job Security, Company Culture, Work Life Balance | Critically Rated For | Promotions | To view salary insights | Select designation | 2.3k | Reviews | 7.9k | Salaries | 133 | Interviews | 39 | Jobs | 230 | Benefits | -- | Photos",4.0,7.9,Agro Chemicals,Visakhapatnam +192 other locations
Cisco,"Cisco | Follow | 4.1 | (2.3k) | Hardware & Networking | Bengaluru +51 other locations | AmbitionBox Award Winner'26 | Highly Rated For | Work Life Balance, Company Culture, Salary | Critically Rated For | Job Security, Promotions | To view salary insights | Select designation | 2.3k | Reviews | 19.7k | Salaries | 434 | Interviews | 493 | Jobs | 237 | Benefits | 19 | Photos",4.1,19.7,Hardware & Networking,Bengaluru +51 other locations
Manipal Hospitals,"Manipal Hospitals | Follow | 4.0 | (2.3k) | Healthcare | Bengaluru +69 other locations | Highly Rated For | Job Security, Skill Development, Company Culture | Critically Rated For | Promotions | To view salary insights | Select designation | 2.3k | Reviews | 7.6k | Salaries | 149 | Interviews | 47 | Jobs | 161 | Benefits | 7 | Photos",4.0,7.6,Healthcare,Bengaluru +69 other locations
Bank of Baroda,"Bank of Baroda | Follow | 3.6 | (2.3k) | Banking | Mumbai +321 other locations | Highly Rated For | Job Security | Critically Rated For | Promotions, Company Culture, Work Satisfaction | To view salary insights | Select designation | 2.3k | Reviews | 7.1k | Salaries | 131 | Interviews | -- | Jobs | 156 | Benefits | 15 | Photos",3.6,7.1,Banking,Mumbai +321 other locations
ValueLabs,"ValueLabs | Follow | 3.4 | (2.3k) | IT Services & Consulting | Hyderabad +21 other locations | Critically Rated For | Promotions, Work Satisfaction, Job Security | To view salary insights | Select designation | 2.3k | Reviews | 16.6k | Salaries | 224 | Interviews | 97 | Jobs | 277 | Benefits | 12 | Photos",3.4,16.6,IT Services & Consulting,Hyderabad +21 other locations
Sify Technologies,"Sify Technologies | Follow | 3.6 | (2.3k) | IT Services & Consulting | Chennai +143 other locations | Critically Rated For | Promotions, Salary, Company Culture | To view salary insights | Select designation | 2.3k | Reviews | 10.3k | Salaries | 154 | Interviews | 37 | Jobs | 164 | Benefits | 4 | Photos",3.6,10.3,IT Services & Consulting,Chennai +143 other locations
Whirlpool,"Whirlpool | Follow | 4.0 | (2.3k) | Consumer Electronics & Appliances | Pune +183 other locations | Highly Rated For | Work Life Balance, Company Culture, Work Satisfaction | Critically Rated For | Promotions | To view salary insights | Select designation | 2.3k | Reviews | 8.1k | Salaries | 125 | Interviews | 17 | Jobs | 203 | Benefits | 9 | Photos",4.0,8.1,Consumer Electronics & Appliances,Pune +183 other locations
Indian Railways,"Indian Railways | Follow | 4.2 | (2.3k) | Railways | Kolkata +263 other locations | Highly Rated For | Job Security, Company Culture, Work Life Balance | To view salary insights | Select designation | 2.3k | Reviews | 3.6k | Salaries | 118 | Interviews | 22 | Jobs | 167 | Benefits | 19 | Photos",4.2,3.6,Railways,Kolkata +263 other locations
Spark Minda,"Spark Minda | Follow | 3.7 | (2.3k) | Auto Components | Pune +76 other locations | Critically Rated For | Promotions, Company Culture, Work Satisfaction | To view salary insights | Select designation | 2.3k | Reviews | 7.6k | Salaries | 171 | Interviews | 22 | Jobs | 53 | Benefits | 19 | Photos",3.7,7.6,Auto Components,Pune +76 other locations
Saint-Gobain,"Saint-Gobain | Follow | 3.8 | (2.3k) | Building Material | Mumbai +108 other locations | Highly Rated For | Job Security, Company Culture, Work Life Balance | Critically Rated For | Promotions, Salary | To view salary insights | Select designation | 2.3k | Reviews | 12.3k | Salaries | 226 | Interviews | 137 | Jobs | 267 | Benefits | 9 | Photos",3.8,12.3,Building Material,Mumbai +108 other locations
Nuvoco Vistas,"Nuvoco Vistas | Follow | 4.1 | (2.3k) | Building Material | Kolkata +209 other locations | Highly Rated For | Job Security, Skill Development, Salary | To view salary insights | Select designation | 2.3k | Reviews | 7.5k | Salaries | 143 | Interviews | 29 | Jobs | 152 | Benefits | 6 | Photos",4.1,7.5,Building Material,Kolkata +209 other locations
Allstate,Allstate | Follow | 3.7 | (2.3k) | Insurance | Pune +18 other locations | Highly Rated For | Work Life Balance | Critically Rated For | Promotions | To view salary insights | Select designation | 2.3k | Reviews | 12.2k | Salaries | 159 | Interviews | 15 | Jobs | 194 | Benefits | 6 | Photos,3.7,12.2,Insurance,Pune +18 other locations
Shahi Exports,"Shahi Exports | Follow | 4.0 | (2.3k) | Fashion & Textile | Bengaluru +73 other locations | Highly Rated For | Job Security, Company Culture, Work Life Balance | Critically Rated For | Promotions | To view salary insights | Select designation | 2.3k | Reviews | 6.9k | Salaries | 131 | Interviews | 66 | Jobs | 233 | Benefits | 26 | Photos",4.0,6.9,Fashion & Textile,Bengaluru +73 other locations
Poonawalla Fincorp,"Poonawalla Fincorp | Follow | 3.5 | (2.3k) | NBFC | Pune +277 other locations | Critically Rated For | Promotions, Company Culture, Work Satisfaction | To view salary insights | Select designation | 2.3k | Reviews | 6.4k | Salaries | 91 | Interviews | 2 | Jobs | 145 | Benefits | -- | Photos",3.5,6.4,NBFC,Pune +277 other locations
FirstCry,"FirstCry | Follow | 3.6 | (2.3k) | Retail | Pune +226 other locations | Critically Rated For | Promotions, Company Culture, Work Satisfaction | To view salary insights | Select designation | 2.3k | Reviews | 9.2k | Salaries | 224 | Interviews | 1 | Jobs | 87 | Benefits | 19 | Photos",3.6,9.2,Retail,Pune +226 other locations
Generali Central Life Insurance,"Generali Central Life Insurance | Follow | 3.5 | (2.3k) | Insurance | Mumbai +213 other locations | Critically Rated For | Promotions, Work Satisfaction, Job Security | To view salary insights | Select designation | 2.3k | Reviews | 6.8k | Salaries | 126 | Interviews | 149 | Jobs | 175 | Benefits | 7 | Photos",3.5,6.8,Insurance,Mumbai +213 other locations
Lava International,"Lava International | Follow | 3.9 | (2.3k) | Consumer Electronics & Appliances | Noida +226 other locations | Highly Rated For | Company Culture, Work Life Balance, Skill Development | Critically Rated For | Promotions | To view salary insights | Select designation | 2.3k | Reviews | 4.4k | Salaries | 97 | Interviews | 4 | Jobs | 296 | Benefits | 3 | Photos",3.9,4.4,Consumer Electronics & Appliances,Noida +226 other locations
Power Mech Projects,"Power Mech Projects | Follow | 3.8 | (2.3k) | Engineering & Construction | Hyderabad +156 other locations | Highly Rated For | Job Security | Critically Rated For | Promotions, Company Culture | To view salary insights | Select designation | 2.3k | Reviews | 6.9k | Salaries | 128 | Interviews | 4 | Jobs | 172 | Benefits | 6 | Photos",3.8,6.9,Engineering & Construction,Hyderabad +156 other locations
GlaxoSmithKline Pharmaceuticals,"GlaxoSmithKline Pharmaceuticals | Follow | 4.1 | (2.3k) | Pharma | Bengaluru +222 other locations | Highly Rated For | Company Culture, Work Life Balance, Salary | Critically Rated For | Promotions | To view salary insights | Select designation | 2.3k | Reviews | 6k | Salaries | 135 | Interviews | 14 | Jobs | 118 | Benefits | 1 | Photos",4.1,6.0,Pharma,Bengaluru +222 other locations
Henry Harvin Education,"Henry Harvin Education | Follow | 4.0 | (2.3k) | EdTech | Noida +35 other locations | Highly Rated For | Work Life Balance, Work Satisfaction, Job Security | To view salary insights | Select designation | 2.3k | Reviews | 1k | Salaries | 139 | Interviews | 41 | Jobs | 76 | Benefits | 2 | Photos",4.0,1.0,EdTech,Noida +35 other locations
CAMS,"CAMS | Follow | 3.5 | (2.3k) | Financial Services | Chennai +115 other locations | Highly Rated For | Job Security | Critically Rated For | Promotions, Salary, Work Satisfaction | To view salary insights | Select designation | 2.3k | Reviews | 9.3k | Salaries | 155 | Interviews | 5 | Jobs | 60 | Benefits | 6 | Photos",3.5,9.3,Financial Services,Chennai +115 other locations
Brakes India,"Brakes India | Follow | 3.8 | (2.2k) | Auto Components | Chennai +104 other locations | Highly Rated For | Job Security, Skill Development | Critically Rated For | Promotions, Salary | To view salary insights | Select designation | 2.2k | Reviews | 7.3k | Salaries | 111 | Interviews | 31 | Jobs | 219 | Benefits | 2 | Photos",3.8,7.3,Auto Components,Chennai +104 other locations
Mercedes-Benz Research and Development India,"Mercedes-Benz Research and Development India | Follow | 3.5 | (2.3k) | IT Services & Consulting | Bengaluru +53 other locations | Highly Rated For | Work Life Balance, Job Security | Critically Rated For | Promotions, Work Satisfaction, Skill Development | To view salary insights | Select designation | 2.3k | Reviews | 18.7k | Salaries | 214 | Interviews | -- | Jobs | 206 | Benefits | 7 | Photos",3.5,18.7,IT Services & Consulting,Bengaluru +53 other locations
NTT DATA Business Solutions,"NTT DATA Business Solutions | Follow | 4.1 | (2.2k) | IT Services & Consulting | Bengaluru +32 other locations | Highly Rated For | Work Life Balance, Company Culture, Work Satisfaction | To view salary insights | Select designation | 2.2k | Reviews | 13.8k | Salaries | 288 | Interviews | 1.5k | Jobs | 40 | Benefits | 59 | Photos",4.1,13.8,IT Services & Consulting,Bengaluru +32 other locations
Jio Platforms,"Jio Platforms | Follow | 3.3 | (2.3k) | IT Services & Consulting | Mumbai +106 other locations | Highly Rated For | Job Security | Critically Rated For | Promotions, Salary, Company Culture | To view salary insights | Select designation | 2.3k | Reviews | 15.7k | Salaries | 276 | Interviews | -- | Jobs | 77 | Benefits | -- | Photos",3.3,15.7,IT Services & Consulting,Mumbai +106 other locations
Kotak Securities,"Kotak Securities | Follow | 3.4 | (2.2k) | Financial Services | Mumbai +143 other locations | Critically Rated For | Promotions, Skill Development, Company Culture | To view salary insights | Select designation | 2.2k | Reviews | 9.6k | Salaries | 151 | Interviews | 38 | Jobs | 158 | Benefits | 3 | Photos",3.4,9.6,Financial Services,Mumbai +143 other locations
Cargill,"Cargill | Follow | 3.9 | (2.2k) | Food Processing | Bengaluru +126 other locations | Highly Rated For | Work Life Balance, Company Culture, Salary | Critically Rated For | Promotions | To view salary insights | Select designation | 2.2k | Reviews | 8.8k | Salaries | 116 | Interviews | 120 | Jobs | 161 | Benefits | 7 | Photos",3.9,8.8,Food Processing,Bengaluru +126 other locations
CitiusTech,"CitiusTech | Follow | 3.1 | (2.2k) | IT Services & Consulting | Mumbai +18 other locations | Critically Rated For | Promotions, Job Security, Work Satisfaction | To view salary insights | Select designation | 2.2k | Reviews | 15.1k | Salaries | 330 | Interviews | 50 | Jobs | 178 | Benefits | 15 | Photos",3.1,15.1,IT Services & Consulting,Mumbai +18 other locations
BHEL,"BHEL | Follow | 4.2 | (2.2k) | Electrical Equipment | Bengaluru +143 other locations | Highly Rated For | Job Security, Work Life Balance, Company Culture | To view salary insights | Select designation | 2.2k | Reviews | 5.2k | Salaries | 143 | Interviews | 53 | Jobs | 234 | Benefits | 11 | Photos",4.2,5.2,Electrical Equipment,Bengaluru +143 other locations
Life Insurance Corporation of India,"Life Insurance Corporation of India | Follow | 4.4 | (2.2k) | Insurance | New Delhi +490 other locations | Highly Rated For | Company Culture, Work Life Balance, Work Satisfaction | To view salary insights | Select designation | 2.2k | Reviews | 4.6k | Salaries | 112 | Interviews | 3 | Jobs | 235 | Benefits | 27 | Photos",4.4,4.6,Insurance,New Delhi +490 other locations
"Maruti Suzuki India Limited, Hansalpur","Maruti Suzuki India Limited, Hansalpur | Follow | 4.3 | (2.2k) | Automobile | Ahmedabad +120 other locations | Highly Rated For | Job Security, Salary, Company Culture | To view salary insights | Select designation | 2.2k | Reviews | 6.9k | Salaries | 246 | Interviews | 5 | Jobs | 182 | Benefits | 3 | Photos",4.3,6.9,Automobile,Ahmedabad +120 other locations
upGrad,"upGrad | Follow | 3.3 | (2.2k) | EdTech | Bengaluru +53 other locations | Critically Rated For | Job Security, Promotions, Work Satisfaction | To view salary insights | Select designation | 2.2k | Reviews | 9.8k | Salaries | 221 | Interviews | 32 | Jobs | 137 | Benefits | 19 | Photos",3.3,9.8,EdTech,Bengaluru +53 other locations
Force Motors,"Force Motors | Follow | 3.7 | (2.2k) | Automobile | Pune +107 other locations | Critically Rated For | Promotions, Company Culture, Work Satisfaction | To view salary insights | Select designation | 2.2k | Reviews | 8.3k | Salaries | 154 | Interviews | 24 | Jobs | 163 | Benefits | 5 | Photos",3.7,8.3,Automobile,Pune +107 other locations
Microsoft Corporation,"Microsoft Corporation | Follow | 3.8 | (2.2k) | Software Product | Bengaluru +53 other locations | Highly Rated For | Work Life Balance, Company Culture | Critically Rated For | Job Security, Promotions | To view salary insights | Select designation | 2.2k | Reviews | 33.4k | Salaries | 650 | Interviews | 1 | Jobs | 203 | Benefits | 7 | Photos",3.8,33.4,Software Product,Bengaluru +53 other locations
Provana,"Provana | Follow | 4.0 | (2.2k) | BPO | Noida +12 other locations | Highly Rated For | Company Culture, Work Life Balance, Work Satisfaction | To view salary insights | Select designation | 2.2k | Reviews | 4.7k | Salaries | 284 | Interviews | 14 | Jobs | 332 | Benefits | 4 | Photos",4.0,4.7,BPO,Noida +12 other locations
SGS,"SGS | Follow | 3.7 | (2.2k) | Engineering & Construction | Mumbai +155 other locations | Critically Rated For | Promotions, Salary | To view salary insights | Select designation | 2.2k | Reviews | 6.8k | Salaries | 137 | Interviews | 129 | Jobs | 194 | Benefits | 2 | Photos",3.7,6.8,Engineering & Construction,Mumbai +155 other locations
Nokia Networks,"Nokia Networks | Follow | 4.1 | (2.2k) | Hardware & Networking | Bengaluru +87 other locations | Highly Rated For | Company Culture, Work Life Balance, Work Satisfaction | Critically Rated For | Promotions | To view salary insights | Select designation | 2.2k | Reviews | 10.3k | Salaries | 131 | Interviews | 1 | Jobs | 14 | Benefits | -- | Photos",4.1,10.3,Hardware & Networking,Bengaluru +87 other locations
EPAM Systems,"EPAM Systems | Follow | 3.6 | (2.2k) | IT Services & Consulting | Hyderabad +38 other locations | Highly Rated For | Skill Development, Work Life Balance, Salary | Critically Rated For | Promotions, Job Security, Work Satisfaction | To view salary insights | Select designation | 2.2k | Reviews | 26.1k | Salaries | 690 | Interviews | 604 | Jobs | 155 | Benefits | 7 | Photos",3.6,26.1,IT Services & Consulting,Hyderabad +38 other locations
Biological E,"Biological E | Follow | 4.3 | (2.2k) | Pharma | Hyderabad +78 other locations | AmbitionBox Award Winner'26 | Highly Rated For | Job Security, Work Life Balance, Company Culture | To view salary insights | Select designation | 2.2k | Reviews | 7.3k | Salaries | 153 | Interviews | 21 | Jobs | 239 | Benefits | -- | Photos",4.3,7.3,Pharma,Hyderabad +78 other locations
Pfizer,"Pfizer | Follow | 3.9 | (2.2k) | Pharma | Visakhapatnam +139 other locations | Highly Rated For | Work Life Balance, Company Culture | Critically Rated For | Promotions, Job Security | To view salary insights | Select designation | 2.2k | Reviews | 5.9k | Salaries | 92 | Interviews | 87 | Jobs | 286 | Benefits | 6 | Photos",3.9,5.9,Pharma,Visakhapatnam +139 other locations
IndusInd General Insurance,"IndusInd General Insurance | Follow | 3.6 | (2.2k) | Insurance | Mumbai +204 other locations | Critically Rated For | Promotions, Work Satisfaction, Company Culture | To view salary insights | Select designation | 2.2k | Reviews | 7.2k | Salaries | 107 | Interviews | 12 | Jobs | 135 | Benefits | 2 | Photos",3.6,7.2,Insurance,Mumbai +204 other locations
Morgan Stanley,"Morgan Stanley | Follow | 3.5 | (2.2k) | Financial Services | Mumbai +20 other locations | Critically Rated For | Job Security, Promotions, Work Satisfaction | To view salary insights | Select designation | 2.2k | Reviews | 28.8k | Salaries | 349 | Interviews | 68 | Jobs | 166 | Benefits | 8 | Photos",3.5,28.8,Financial Services,Mumbai +20 other locations
Aditya Birla Health Insurance Co,Aditya Birla Health Insurance Co | Follow | 3.7 | (2.2k) | Insurance | Mumbai +270 other locations | Critically Rated For | Promotions | To view salary insights | Select designation | 2.2k | Reviews | 8k | Salaries | 137 | Interviews | 1 | Jobs | 105 | Benefits | 1 | Photos,3.7,8.0,Insurance,Mumbai +270 other locations
ITC Hotels,"ITC Hotels | Follow | 4.0 | (2.2k) | Hospitality | Bengaluru +99 other locations | Highly Rated For | Job Security, Skill Development, Company Culture | Critically Rated For | Promotions | To view salary insights | Select designation | 2.2k | Reviews | 5.5k | Salaries | 110 | Interviews | -- | Jobs | 204 | Benefits | 16 | Photos",4.0,5.5,Hospitality,Bengaluru +99 other locations
Shadowfax Technologies,"Shadowfax Technologies | Follow | 3.5 | (2.2k) | Logistics | Bengaluru +259 other locations | Critically Rated For | Promotions, Job Security, Company Culture | To view salary insights | Select designation | 2.2k | Reviews | 8k | Salaries | 178 | Interviews | 70 | Jobs | 90 | Benefits | 18 | Photos",3.5,8.0,Logistics,Bengaluru +259 other locations
Reliance Trends,"Reliance Trends | Follow | 4.0 | (2.2k) | Retail | Bengaluru +408 other locations | Highly Rated For | Job Security, Skill Development, Company Culture | Critically Rated For | Promotions | To view salary insights | Select designation | 2.2k | Reviews | 3.9k | Salaries | 128 | Interviews | -- | Jobs | 209 | Benefits | 34 | Photos",4.0,3.9,Retail,Bengaluru +408 other locations
Delphi TVS,"Delphi TVS | Follow | 3.8 | (2.1k) | Auto Components | Chennai +67 other locations | Highly Rated For | Skill Development | Critically Rated For | Promotions, Salary | To view salary insights | Select designation | 2.1k | Reviews | 5.4k | Salaries | 104 | Interviews | 1 | Jobs | 203 | Benefits | 2 | Photos",3.8,5.4,Auto Components,Chennai +67 other locations
K12 Techno Services,"K12 Techno Services | Follow | 3.6 | (2.1k) | EdTech | Bengaluru +45 other locations | Critically Rated For | Promotions, Job Security | To view salary insights | Select designation | 2.1k | Reviews | 5.5k | Salaries | 449 | Interviews | 335 | Jobs | 80 | Benefits | 1 | Photos",3.6,5.5,EdTech,Bengaluru +45 other locations
Narayana Health,"Narayana Health | Follow | 4.0 | (2.1k) | Healthcare | Bengaluru +68 other locations | Highly Rated For | Job Security, Skill Development, Company Culture | Critically Rated For | Promotions | To view salary insights | Select designation | 2.1k | Reviews | 6.4k | Salaries | 104 | Interviews | 130 | Jobs | 156 | Benefits | -- | Photos",4.0,6.4,Healthcare,Bengaluru +68 other locations
Raymond Lifestyle Limited,"Raymond Lifestyle Limited | Follow | 4.1 | (2.1k) | Fashion & Textile | Mumbai +155 other locations | Highly Rated For | Work Life Balance, Company Culture, Work Satisfaction | Critically Rated For | Promotions | To view salary insights | Select designation | 2.1k | Reviews | 6.1k | Salaries | 127 | Interviews | 26 | Jobs | 235 | Benefits | 11 | Photos",4.1,6.1,Fashion & Textile,Mumbai +155 other locations
Trent,Trent | Follow | 3.8 | (2.1k) | Retail | Mumbai +154 other locations | Highly Rated For | Job Security | Critically Rated For | Promotions | To view salary insights | Select designation | 2.1k | Reviews | 5.5k | Salaries | 117 | Interviews | 34 | Jobs | 145 | Benefits | 8 | Photos,3.8,5.5,Retail,Mumbai +154 other locations
TELUS Digital,"TELUS Digital | Follow | 3.5 | (2.1k) | IT Services & Consulting | Noida +29 other locations | Critically Rated For | Promotions, Job Security, Skill Development | To view salary insights | Select designation | 2.1k | Reviews | 11.2k | Salaries | 154 | Interviews | 5 | Jobs | 75 | Benefits | -- | Photos",3.5,11.2,IT Services & Consulting,Noida +29 other locations
Simplex Infrastructures,"Simplex Infrastructures | Follow | 3.3 | (2.1k) | Engineering & Construction | Kolkata +139 other locations | Critically Rated For | Promotions, Salary, Work Satisfaction | To view salary insights | Select designation | 2.1k | Reviews | 4.2k | Salaries | 88 | Interviews | 2 | Jobs | 281 | Benefits | -- | Photos",3.3,4.2,Engineering & Construction,Kolkata +139 other locations
Huawei Technologies,"Huawei Technologies | Follow | 4.1 | (2.1k) | Telecom | Bengaluru +109 other locations | Highly Rated For | Salary, Skill Development, Company Culture | To view salary insights | Select designation | 2.1k | Reviews | 7.5k | Salaries | 120 | Interviews | 34 | Jobs | 280 | Benefits | 1 | Photos",4.1,7.5,Telecom,Bengaluru +109 other locations
YASH Technologies,"YASH Technologies | Follow | 3.6 | (2.1k) | IT Services & Consulting | Hyderabad +34 other locations | Critically Rated For | Promotions, Work Satisfaction, Salary | To view salary insights | Select designation | 2.1k | Reviews | 16.3k | Salaries | 186 | Interviews | 432 | Jobs | 189 | Benefits | 35 | Photos",3.6,16.3,IT Services & Consulting,Hyderabad +34 other locations
Haier Appliances India,Haier Appliances India | Follow | 3.9 | (2.1k) | Consumer Electronics & Appliances | Pune +177 other locations | Critically Rated For | Promotions | To view salary insights | Select designation | 2.1k | Reviews | 7.5k | Salaries | 179 | Interviews | 35 | Jobs | 183 | Benefits | 8 | Photos,3.9,7.5,Consumer Electronics & Appliances,Pune +177 other locations
Hinduja Leyland Finance,"Hinduja Leyland Finance | Follow | 4.3 | (2.1k) | NBFC | Chennai +339 other locations | Highly Rated For | Work Life Balance, Company Culture, Work Satisfaction | To view salary insights | Select designation | 2.1k | Reviews | 3.1k | Salaries | 536 | Interviews | 6 | Jobs | 350 | Benefits | 3 | Photos",4.3,3.1,NBFC,Chennai +339 other locations
Aye Finance,"Aye Finance | Follow | 4.1 | (2.1k) | NBFC | Gurugram +397 other locations | AmbitionBox Award Winner'26 | Highly Rated For | Work Life Balance, Salary, Company Culture | To view salary insights | Select designation | 2.1k | Reviews | 3.7k | Salaries | 110 | Interviews | 108 | Jobs | 126 | Benefits | 18 | Photos",4.1,3.7,NBFC,Gurugram +397 other locations
Motherson Automotive Technologies and Engineering,"Motherson Automotive Technologies and Engineering | Follow | 3.7 | (2.1k) | Auto Components | Chennai +69 other locations | Highly Rated For | Job Security | Critically Rated For | Promotions, Salary | To view salary insights | Select designation | 2.1k | Reviews | 7.9k | Salaries | 170 | Interviews | 16 | Jobs | 166 | Benefits | 1 | Photos",3.7,7.9,Auto Components,Chennai +69 other locations
Novartis,"Novartis | Follow | 4.1 | (2.1k) | Pharma | Hyderabad +80 other locations | AmbitionBox Award Winner'26 | Highly Rated For | Work Life Balance, Company Culture, Salary | Critically Rated For | Promotions | To view salary insights | Select designation | 2.1k | Reviews | 10.8k | Salaries | 173 | Interviews | 21 | Jobs | 239 | Benefits | 16 | Photos",4.1,10.8,Pharma,Hyderabad +80 other locations
Tekwissen,"Tekwissen | Follow | 4.9 | (2.1k) | IT Services & Consulting | Visakhapatnam +5 other locations | Highly Rated For | Company Culture, Work Life Balance, Work Satisfaction | To view salary insights | Select designation | 2.1k | Reviews | 632 | Salaries | 341 | Interviews | 286 | Jobs | 183 | Benefits | 12 | Photos",4.9,632.0,IT Services & Consulting,Visakhapatnam +5 other locations
IDBI Bank,"IDBI Bank | Follow | 3.3 | (2.1k) | Banking | Mumbai +351 other locations | Critically Rated For | Promotions, Company Culture, Work Life Balance | To view salary insights | Select designation | 2.1k | Reviews | 6.2k | Salaries | 90 | Interviews | -- | Jobs | 131 | Benefits | 7 | Photos",3.3,6.2,Banking,Mumbai +351 other locations
Microland,"Microland | Follow | 3.6 | (2.1k) | IT Services & Consulting | Bengaluru +48 other locations | Critically Rated For | Promotions, Work Satisfaction, Salary | To view salary insights | Select designation | 2.1k | Reviews | 10.7k | Salaries | 166 | Interviews | 650 | Jobs | 186 | Benefits | 6 | Photos",3.6,10.7,IT Services & Consulting,Bengaluru +48 other locations
Globiva,"Globiva | Follow | 3.0 | (2.1k) | BPO | Gurugram +37 other locations | Critically Rated For | Promotions, Work Satisfaction, Job Security | To view salary insights | Select designation | 2.1k | Reviews | 5.6k | Salaries | 146 | Interviews | 281 | Jobs | 87 | Benefits | 11 | Photos",3.0,5.6,BPO,Gurugram +37 other locations
Ola Cabs,"Ola Cabs | Follow | 3.2 | (2.1k) | Internet | Bengaluru +112 other locations | Critically Rated For | Job Security, Promotions, Company Culture | To view salary insights | Select designation | 2.1k | Reviews | 8.8k | Salaries | 157 | Interviews | -- | Jobs | 213 | Benefits | 10 | Photos",3.2,8.8,Internet,Bengaluru +112 other locations
Extramarks Education,"Extramarks Education | Follow | 3.2 | (2.1k) | EdTech | Noida +115 other locations | Critically Rated For | Job Security, Promotions, Work Satisfaction | To view salary insights | Select designation | 2.1k | Reviews | 7.1k | Salaries | 181 | Interviews | 15 | Jobs | 146 | Benefits | 2 | Photos",3.2,7.1,EdTech,Noida +115 other locations
Godrej Properties,"Godrej Properties | Follow | 3.6 | (2.1k) | Real Estate | Mumbai +35 other locations | Highly Rated For | Salary | Critically Rated For | Promotions, Work Satisfaction, Company Culture | To view salary insights | Select designation | 2.1k | Reviews | 9.9k | Salaries | 137 | Interviews | -- | Jobs | 138 | Benefits | 10 | Photos",3.6,9.9,Real Estate,Mumbai +35 other locations
